#ifndef PYDATA_H
#define PYDATA_H
#include <Arduino.h>
// 400 pinyins, 6763 chars, 22382 bytes

#define PY_COUNT 400
#define PY_BUF_SIZE 22382

static const uint16_t PROGMEM PY_OFFSET[PY_COUNT] = {
    0,15,85,143,157,230,312,350,418,466,543,626,655,685,845,929,986,1006,1059,1104,1198,1253,1266,1304,1348,1372,1407,1429,1440,1458,1526,1553,1631,1713,1758,1790,1853,1938,2054,2094,2151,2243,2268,2314,2343,2376,2412,2436,2494,2536,2550,2587,2614,2661,2681,2728,2780,2848,2931,2973,3032,3048,3093,3205,3286,3331,3387,3447,3458,3521,3562,3638,3671,3700,3750,3812,3908,3915,3928,3974,4008,4085,4142,4234,4299,4368,4379,4629,4660,4698,4775,4817,4879,4979,4987,5010,5049,5115,5183,5313,5354,5372,5432,5460,5552,5581,5634,5647,5685,5780,5807,5872,5957,5968,5985,6012,6069,6119,6252,6293,6317,6407,6489,6611,6646,6714,7030,7143,7353,7426,7564,7689,7799,7925,7950,8033,8193,8244,8333,8380,8402,8446,8487,8523,8552,8655,8678,8693,8720,8752,8792,8815,8848,8863,8918,9004,9042,9062,9102,9143,9214,9262,9321,9346,9408,9429,9661,9669,9753,9805,9868,9912,9992,10079,10147,10204,10254,10381,10420,10449,10529,10593,10607,10653,10685,10744,10780,10863,10870,10953,10979,11042,11136,11187,11238,11261,11311,11353,11361,11455,11487,11554,11560,11597,11629,11661,11682,11726,11739,11750,11761,11770,11834,11882,11895,11919,11963,11971,12007,12033,12057,12065,12090,12099,12128,12144,12155,12167,12204,12235,12267,12317,12350,12391,12441,12455,12515,12648,12684,12723,12743,12778,12823,12875,12889,12974,13185,13205,13340,13410,13494,13529,13597,13672,13709,13780,13883,13955,13990,14004,14030,14057,14080,14090,14149,14161,14168,14219,14242,14306,14321,14350,14361,14378,14406,14426,14452,14476,14508,14530,14538,14547,14603,14618,14723,14769,14826,14888,14972,15021,15224,15272,15412,15427,15449,15468,15488,15509,15527,15560,15657,15711,15758,15825,15843,15902,15931,15981,16033,16086,16163,16247,16300,16319,16340,16416,16461,16509,16529,16586,16655,16681,16733,16754,16780,16806,16883,16917,16931,17014,17062,17244,17297,17318,17370,17539,17756,17818,17962,18056,18146,18262,18315,18384,18412,18468,18565,18649,18687,18782,18876,19070,19151,19249,19319,19632,19733,19853,19863,19944,20072,20343,20448,20495,20572,20594,20629,20664,20688,20738,20781,20789,20800,20827,20898,20928,20991,21070,21124,21189,21291,21358,21597,21652,21721,21870,21879,21889,21923,21952,21985,22003,22063,22172,22208,22243,22277,22298,22318,22338
};
static const uint16_t PROGMEM PY_CHARS[PY_COUNT] = {
    12,66,54,9,69,78,33,63,42,72,78,24,24,156,78,51,15,48,39,90,51,9,33,39,18,30,18,6,12,63,21,72,75,39,27,57,78,111,33,51,87,18,39,21,27,30,18,54,36,9,33,21,42,15,42,48,63,78,36,54,12,39,108,75,39,51,54,6,57,36,72,27,24,45,57,93,3,9,42,30,72,51,87,60,63,6,246,27,33,72,36,57,96,3,18,33,60,63,126,36,12,54,21,87,24,48,9,33,90,21,60,81,6,12,21,51,45,129,36,18,84,75,117,30,63,312,108,204,66,132,120,105,120,18,78,156,45,84,42,18,39,36,30,24,99,18,9,21,27,36,18,27,9,48,81,33,15,36,36,66,42,54,21,57,15,228,3,78,45,57,39,75,81,63,51,45,123,33,24,75,60,9,42,27,54,30,78,3,78,21,57,90,45,45,18,45,36,3,90,27,63,3,33,27,27,15,39,9,6,6,3,60,42,6,18,39,3,30,21,18,3,21,3,24,12,6,9,33,27,27,45,27,36,45,9,54,129,30,33,15,30,39,48,9,81,207,15,129,63,78,30,63,69,30,66,99,66,30,9,21,21,18,6,54,6,3,45,18,60,9,24,6,12,24,15,21,18,27,18,3,3,51,9,99,39,51,57,78,42,198,42,135,9,15,12,12,15,12,27,93,48,42,63,12,54,24,45,48,48,72,78,48,15,15,72,39,42,15,51,63,21,48,15,21,21,72,30,9,78,42,177,48,15,48,165,213,57,138,87,84,111,48,63,21,51,93,78,33,90,90,189,75,93,66,309,96,114,6,75,123,267,99,42,72,18,30,30,18,45,39,3,6,21,66,24,57,72,48,60,96,60,234,48,63,144,3,3,27,21,27,12,54,105,30,30,30,15,15,15,39
};

static const uint8_t PROGMEM PY_DATA[PY_BUF_SIZE] = {
    0x61,0x00,0xE5,0x95,0x8A,0xE5,0x97,0x84,0xE9,0x94,0x95,0xE9,0x98,0xBF,0x00,0x61,
    0x69,0x00,0xE5,0x93,0x80,0xE5,0x93,0x8E,0xE5,0x94,0x89,0xE5,0x97,0x8C,0xE5,0x97,
    0xB3,0xE5,0x9F,0x83,0xE5,0xAB,0x92,0xE6,0x8C,0xA8,0xE6,0x8D,0xB1,0xE6,0x9A,0xA7,
    0xE7,0x88,0xB1,0xE7,0x91,0xB7,0xE7,0x99,0x8C,0xE7,0x9A,0x91,0xE7,0x9F,0xAE,0xE7,
    0xA0,0xB9,0xE7,0xA2,0x8D,0xE8,0x89,0xBE,0xE8,0x94,0xBC,0xE9,0x94,0xBF,0xE9,0x9A,
    0x98,0xE9,0x9C,0xAD,0x00,0x61,0x6E,0x00,0xE4,0xBF,0xBA,0xE5,0x9F,0xAF,0xE5,0xAE,
    0x89,0xE5,0xB2,0xB8,0xE5,0xBA,0xB5,0xE6,0x8C,0x89,0xE6,0x8F,0x9E,0xE6,0x9A,0x97,
    0xE6,0xA1,0x88,0xE6,0xA1,0x89,0xE6,0xB0,0xA8,0xE7,0x8A,0xB4,0xE8,0x83,0xBA,0xE8,
    0xB0,0x99,0xE9,0x93,0xB5,0xE9,0x9E,0x8D,0xE9,0xB9,0x8C,0xE9,0xBB,0xAF,0x00,0x61,
    0x6E,0x67,0x00,0xE6,0x98,0x82,0xE7,0x9B,0x8E,0xE8,0x82,0xAE,0x00,0x61,0x6F,0x00,
    0xE5,0x82,0xB2,0xE5,0x87,0xB9,0xE5,0x97,0xB7,0xE5,0x9D,0xB3,0xE5,0xA5,0xA5,0xE5,
    0xAA,0xAA,0xE5,0xB2,0x99,0xE5,0xBB,0x92,0xE6,0x87,0x8A,0xE6,0x8B,0x97,0xE6,0x95,
    0x96,0xE6,0xBE,0xB3,0xE7,0x86,0xAC,0xE7,0x8D,0x92,0xE7,0xBF,0xB1,0xE8,0x81,0xB1,
    0xE8,0x9E,0xAF,0xE8,0xA2,0x84,0xE9,0x81,0xA8,0xE9,0x8F,0x8A,0xE9,0x8F,0x96,0xE9,
    0xAA,0x9C,0xE9,0xB3,0x8C,0x00,0x62,0x61,0x00,0xE5,0x85,0xAB,0xE5,0x8F,0xAD,0xE5,
    0x90,0xA7,0xE5,0x9D,0x9D,0xE5,0xB2,0x9C,0xE5,0xB7,0xB4,0xE6,0x89,0x92,0xE6,0x8A,
    0x8A,0xE6,0x8B,0x94,0xE6,0x8D,0x8C,0xE7,0x81,0x9E,0xE7,0x88,0xB8,0xE7,0x96,0xA4,
    0xE7,0xAC,0x86,0xE7,0xB2,0x91,0xE7,0xBD,0xA2,0xE8,0x80,0x99,0xE8,0x8A,0xAD,0xE8,
    0x8C,0x87,0xE8,0x8F,0x9D,0xE8,0xB7,0x8B,0xE9,0x92,0xAF,0xE9,0x9C,0xB8,0xE9,0x9D,
    0xB6,0xE9,0xAD,0x83,0xE9,0xB2,0x85,0x00,0x62,0x61,0x69,0x00,0xE4,0xBD,0xB0,0xE6,
    0x8B,0x9C,0xE6,0x8D,0xAD,0xE6,0x8E,0xB0,0xE6,0x91,0x86,0xE6,0x93,0x98,0xE6,0x9F,
    0x8F,0xE7,0x99,0xBD,0xE7,0x99,0xBE,0xE7,0xA8,0x97,0xE8,0xB4,0xA5,0x00,0x62,0x61,
    0x6E,0x00,0xE4,0xBC,0xB4,0xE5,0x8A,0x9E,0xE5,0x8D,0x8A,0xE5,0x9D,0x82,0xE6,0x89,
    0xAE,0xE6,0x89,0xB3,0xE6,0x8B,0x8C,0xE6,0x90,0xAC,0xE6,0x96,0x91,0xE6,0x9D,0xBF,
    0xE7,0x89,0x88,0xE7,0x8F,0xAD,0xE7,0x93,0xA3,0xE7,0x98,0xA2,0xE7,0x99,0x8D,0xE7,
    0xBB,0x8A,0xE8,0x88,0xA8,0xE8,0x88,0xAC,0xE9,0x92,0xA3,0xE9,0x98,0xAA,0xE9,0xA2,
    0x81,0x00,0x62,0x61,0x6E,0x67,0x00,0xE5,0x82,0x8D,0xE5,0xB8,0xAE,0xE6,0xA2,0x86,
    0xE6,0xA3,0x92,0xE6,0xA6,0x9C,0xE6,0xB5,0x9C,0xE7,0xA3,0x85,0xE7,0xBB,0x91,0xE8,
    0x86,0x80,0xE8,0x92,0xA1,0xE8,0x9A,0x8C,0xE8,0xB0,0xA4,0xE9,0x82,0xA6,0xE9,0x95,
    0x91,0x00,0x62,0x61,0x6F,0x00,0xE4,0xBF,0x9D,0xE5,0x8B,0xB9,0xE5,0x8C,0x85,0xE5,
    0xA0,0xA1,0xE5,0xAD,0xA2,0xE5,0xAE,0x9D,0xE6,0x8A,0xA5,0xE6,0x8A,0xB1,0xE6,0x9A,
    0xB4,0xE7,0x85,0xB2,0xE7,0x88,0x86,0xE8,0x83,0x9E,0xE8,0x8B,0x9E,0xE8,0x91,0x86,
    0xE8,0x96,0x84,0xE8,0xA4,0x92,0xE8,0xA4,0x93,0xE8,0xB1,0xB9,0xE8,0xB6,0xB5,0xE9,
    0x9B,0xB9,0xE9,0xA5,0xB1,0xE9,0xB2,0x8D,0xE9,0xB8,0xA8,0xE9,0xBE,0x85,0x00,0x62,
    0x65,0x69,0x00,0xE5,0x80,0x8D,0xE5,0x8C,0x97,0xE5,0x8D,0x91,0xE5,0x91,0x97,0xE5,
    0xA4,0x87,0xE5,0xAD,0x9B,0xE6,0x82,0x96,0xE6,0x82,0xB2,0xE6,0x83,0xAB,0xE6,0x9D,
    0xAF,0xE7,0x84,0x99,0xE7,0x8B,0x88,0xE7,0xA2,0x91,0xE7,0xA2,0x9A,0xE8,0x83,0x8C,
    0xE8,0x93,0x93,0xE8,0xA2,0xAB,0xE8,0xA4,0x99,0xE8,0xB4,0x9D,0xE8,0xBE,0x88,0xE9,
    0x82,0xB6,0xE9,0x90,0xBE,0xE9,0x92,0xA1,0xE9,0x99,0x82,0xE9,0x9E,0xB4,0xE9,0xB9,
    0x8E,0x00,0x62,0x65,0x6E,0x00,0xE5,0x9D,0x8C,0xE5,0xA5,0x94,0xE6,0x9C,0xAC,0xE7,
    0x95,0x9A,0xE7,0xAC,0xA8,0xE8,0x8B,0xAF,0xE8,0xB4,0xB2,0xE9,0x94,0x9B,0x00,0x62,
    0x65,0x6E,0x67,0x00,0xE5,0x98,0xA3,0xE5,0xB4,0xA9,0xE6,0xB3,0xB5,0xE7,0x94,0x8F,
    0xE7,0x94,0xAD,0xE7,0xBB,0xB7,0xE8,0xB9,0xA6,0xE8,0xBF,0xB8,0x00,0x62,0x69,0x00,
    0xE4,0xBF,0xBE,0xE5,0x8C,0x95,0xE5,0x90,0xA1,0xE5,0x93,0x94,0xE5,0xA3,0x81,0xE5,
    0xA6,0xA3,0xE5,0xA9,0xA2,0xE5,0xAC,0x96,0xE5,0xB8,0x81,0xE5,0xBA,0x87,0xE5,0xBA,
    0xB3,0xE5,0xBC,0x8A,0xE5,0xBC,0xBC,0xE5,0xBD,0xBC,0xE5,0xBF,0x85,0xE6,0x84,0x8E,
    0xE6,0x95,0x9D,0xE6,0xAF,0x94,0xE6,0xAF,0x95,0xE6,0xAF,0x96,0xE6,0xAF,0x99,0xE6,
    0xBB,0x97,0xE6,0xBF,0x9E,0xE7,0x8B,0xB4,0xE7,0x92,0xA7,0xE7,0x95,0x80,0xE7,0x97,
    0xB9,0xE7,0xA2,0xA7,0xE7,0xA7,0x95,0xE7,0xAC,0x94,0xE7,0xAD,0x9A,0xE7,0xAE,0x85,
    0xE7,0xAF,0xA6,0xE8,0x87,0x82,0xE8,0x88,0xAD,0xE8,0x8D,0x9C,0xE8,0x8D,0xB8,0xE8,
    0x90,0x86,0xE8,0x93,0x96,0xE8,0x94,0xBD,0xE8,0x96,0x9C,0xE8,0xA3,0xA8,0xE8,0xA5,
    0x9E,0xE8,0xB7,0xB8,0xE9,0x80,0xBC,0xE9,0x81,0xBF,0xE9,0x84,0x99,0xE9,0x93,0x8B,
    0xE9,0x97,0xAD,0xE9,0x99,0x9B,0xE9,0xAB,0x80,0xE9,0xBC,0xBB,0x00,0x62,0x69,0x61,
    0x6E,0x00,0xE4,0xBE,0xBF,0xE5,0x8C,0xBE,0xE5,0x8D,0x9E,0xE5,0x8F,0x98,0xE5,0xBC,
    0x81,0xE5,0xBF,0xAD,0xE6,0x89,0x81,0xE6,0xB1,0xB4,0xE7,0x85,0xB8,0xE7,0xA0,0xAD,
    0xE7,0xA2,0xA5,0xE7,0xAA,0x86,0xE7,0xAC,0xBE,0xE7,0xBC,0x8F,0xE7,0xBC,0x96,0xE8,
    0x8B,0x84,0xE8,0x9D,0x99,0xE8,0xA4,0x8A,0xE8,0xB4,0xAC,0xE8,0xBE,0xA8,0xE8,0xBE,
    0xA9,0xE8,0xBE,0xAB,0xE8,0xBE,0xB9,0xE9,0x81,0x8D,0xE9,0x9E,0xAD,0xE9,0xB3,0x8A,
    0x00,0x62,0x69,0x61,0x6F,0x00,0xE5,0xA9,0x8A,0xE5,0xBD,0xAA,0xE6,0x9D,0x93,0xE6,
    0xA0,0x87,0xE7,0x81,0xAC,0xE7,0x98,0xAD,0xE8,0x86,0x98,0xE8,0xA1,0xA8,0xE8,0xA3,
    0xB1,0xE9,0x95,0x96,0xE9,0x95,0xB3,0xE9,0xA3,0x91,0xE9,0xA3,0x99,0xE9,0xA3,0x9A,
    0xE9,0xAA,0xA0,0xE9,0xAB,0x9F,0xE9,0xB3,0x94,0x00,0x62,0x69,0x65,0x00,0xE5,0x88,
    0xAB,0xE6,0x86,0x8B,0xE7,0x98,0xAA,0xE8,0xB9,0xA9,0xE9,0xB3,0x96,0x00,0x62,0x69,
    0x6E,0x00,0xE5,0x82,0xA7,0xE5,0xAE,0xBE,0xE5,0xBD,0xAC,0xE6,0x91,0x88,0xE6,0x96,
    0x8C,0xE6,0xA7,0x9F,0xE6,0xAE,0xA1,0xE6,0xBB,0xA8,0xE6,0xBF,0x92,0xE7,0x8E,0xA2,
    0xE7,0xBC,0xA4,0xE8,0x86,0x91,0xE8,0xB1,0xB3,0xE9,0x95,0x94,0xE9,0xAB,0x8C,0xE9,
    0xAC,0x93,0x00,0x62,0x69,0x6E,0x67,0x00,0xE4,0xB8,0x99,0xE5,0x85,0xB5,0xE5,0x86,
    0xAB,0xE5,0x86,0xB0,0xE5,0xB9,0xB6,0xE6,0x91,0x92,0xE6,0x9F,0x84,0xE7,0x82,0xB3,
    0xE7,0x97,0x85,0xE7,0xA6,0x80,0xE7,0xA7,0x89,0xE9,0x82,0xB4,0xE9,0xA5,0xBC,0x00,
    0x62,0x6F,0x00,0xE4,0xBA,0xB3,0xE4,0xBC,0xAF,0xE5,0x89,0xA5,0xE5,0x8B,0x83,0xE5,
    0x8D,0x9A,0xE5,0x8D,0x9C,0xE5,0x95,0xB5,0xE5,0xB8,0x9B,0xE6,0x8B,0xA8,0xE6,0x90,
    0x8F,0xE6,0x92,0xAD,0xE6,0xAA,0x97,0xE6,0xB3,0xA2,0xE6,0xB8,0xA4,0xE7,0x8E,0xBB,
    0xE7,0xA4,0xB4,0xE7,0xAE,0x94,0xE7,0xB0,0xB8,0xE8,0x84,0x96,0xE8,0x86,0x8A,0xE8,
    0x88,0xB6,0xE8,0x8F,0xA0,0xE8,0xB7,0x9B,0xE8,0xB8,0xA3,0xE9,0x92,0xB5,0xE9,0x92,
    0xB9,0xE9,0x93,0x82,0xE9,0xA5,0xBD,0xE9,0xA9,0xB3,0xE9,0xB9,0x81,0x00,0x62,0x75,
    0x00,0xE4,0xB8,0x8D,0xE5,0x8D,0x9F,0xE5,0x93,0xBA,0xE5,0x9F,0xA0,0xE5,0xB8,0x83,
    0xE6,0x80,0x96,0xE6,0x8D,0x95,0xE6,0x99,0xA1,0xE6,0xAD,0xA5,0xE7,0x93,0xBF,0xE7,
    0xB0,0xBF,0xE8,0xA1,0xA5,0xE9,0x80,0x8B,0xE9,0x83,0xA8,0xE9,0x86,0xAD,0xE9,0x92,
    0x9A,0xE9,0x92,0xB8,0x00,0x63,0x61,0x00,0xE5,0x9A,0x93,0xE6,0x93,0xA6,0xE7,0xA4,
    0xA4,0x00,0x63,0x61,0x69,0x00,0xE5,0xBD,0xA9,0xE6,0x89,0x8D,0xE6,0x9D,0x90,0xE7,
    0x8C,0x9C,0xE7,0x9D,0xAC,0xE8,0x8F,0x9C,0xE8,0x94,0xA1,0xE8,0xA3,0x81,0xE8,0xB4,
    0xA2,0xE8,0xB8,0xA9,0xE9,0x87,0x87,0x00,0x63,0x61,0x6E,0x00,0xE5,0x8F,0x82,0xE5,
    0xAD,0xB1,0xE6,0x83,0xA8,0xE6,0x83,0xAD,0xE6,0x8E,0xBA,0xE6,0xAE,0x8B,0xE7,0x81,
    0xBF,0xE7,0x92,0xA8,0xE7,0xB2,0xB2,0xE8,0x9A,0x95,0xE9,0xA4,0x90,0xE9,0xAA,0x96,
    0xE9,0xBB,0xAA,0x00,0x63,0x61,0x6E,0x67,0x00,0xE4,0xBB,0x93,0xE4,0xBC,0xA7,0xE6,
    0xB2,0xA7,0xE8,0x88,0xB1,0xE8,0x8B,0x8D,0xE8,0x97,0x8F,0x00,0x63,0x61,0x6F,0x00,
    0xE5,0x98,0x88,0xE6,0x93,0x8D,0xE6,0x9B,0xB9,0xE6,0xA7,0xBD,0xE6,0xBC,0x95,0xE7,
    0xB3,0x99,0xE8,0x89,0x9A,0xE8,0x89,0xB9,0xE8,0x8D,0x89,0xE8,0x9E,0xAC,0x00,0x63,
    0x65,0x00,0xE4,0xBE,0xA7,0xE5,0x86,0x8C,0xE5,0x8E,0x95,0xE6,0x81,0xBB,0xE6,0xB5,
    0x8B,0xE7,0xAD,0x96,0x00,0x63,0x65,0x6E,0x00,0xE5,0xB2,0x91,0xE6,0xB6,0x94,0x00,
    0x63,0x65,0x6E,0x67,0x00,0xE5,0x99,0x8C,0xE5,0xB1,0x82,0xE6,0x9B,0xBE,0xE8,0xB9,
    0xAD,0x00,0x63,0x68,0x61,0x00,0xE5,0x8F,0x89,0xE5,0xA7,0xB9,0xE5,0xAF,0x9F,0xE5,
    0xB2,0x94,0xE5,0xB7,0xAE,0xE6,0x8F,0x92,0xE6,0x90,0xBD,0xE6,0x9D,0x88,0xE6,0x9F,
    0xA5,0xE6,0xA7,0x8E,0xE6,0xAA,0xAB,0xE6,0xB1,0x8A,0xE7,0x8C,0xB9,0xE7,0xA2,0xB4,
    0xE8,0x8C,0xAC,0xE8,0x8C,0xB6,0xE8,0xA1,0xA9,0xE8,0xAF,0xA7,0xE9,0x94,0xB8,0xE9,
    0x95,0xB2,0xE9,0xA6,0x87,0x00,0x63,0x68,0x61,0x69,0x00,0xE4,0xBE,0xAA,0xE6,0x8B,
    0x86,0xE6,0x9F,0xB4,0xE7,0x98,0xA5,0xE8,0x99,0xBF,0xE8,0xB1,0xBA,0xE9,0x92,0x97,
    0x00,0x63,0x68,0x61,0x6E,0x00,0xE4,0xBA,0xA7,0xE5,0x86,0x81,0xE5,0xA9,0xB5,0xE5,
    0xBB,0x9B,0xE5,0xBF,0x8F,0xE6,0x90,0x80,0xE6,0xBD,0xBA,0xE6,0xBE,0xB6,0xE7,0xA6,
    0x85,0xE7,0xBC,0xA0,0xE7,0xBE,0xBC,0xE8,0x92,0x87,0xE8,0x9D,0x89,0xE8,0x9F,0xBE,
    0xE8,0xA7,0x87,0xE8,0xB0,0x84,0xE8,0xB0,0x97,0xE8,0xBA,0x94,0xE9,0x93,0xB2,0xE9,
    0x95,0xA1,0xE9,0x98,0x90,0xE9,0xA2,0xA4,0xE9,0xA6,0x8B,0xE9,0xAA,0xA3,0x00,0x63,
    0x68,0x61,0x6E,0x67,0x00,0xE4,0xBC,0xA5,0xE5,0x80,0xA1,0xE5,0x81,0xBF,0xE5,0x8E,
    0x82,0xE5,0x94,0xB1,0xE5,0x9C,0xBA,0xE5,0xA8,0xBC,0xE5,0xAB,0xA6,0xE5,0xB0,0x9D,
    0xE5,0xB8,0xB8,0xE5,0xBE,0x9C,0xE6,0x80,0x85,0xE6,0x83,0x9D,0xE6,0x95,0x9E,0xE6,
    0x98,0x8C,0xE6,0x98,0xB6,0xE6,0xB0,0x85,0xE7,0x8C,0x96,0xE7,0x95,0x85,0xE8,0x82,
    0xA0,0xE8,0x8B,0x8C,0xE8,0x8F,0x96,0xE9,0x98,0x8A,0xE9,0xAC,0xAF,0xE9,0xB2,0xB3,
    0x00,0x63,0x68,0x61,0x6F,0x00,0xE5,0x90,0xB5,0xE5,0x98,0xB2,0xE5,0xB7,0xA2,0xE6,
    0x80,0x8A,0xE6,0x8A,0x84,0xE6,0x99,0x81,0xE6,0x9C,0x9D,0xE6,0xBD,0xAE,0xE7,0x82,
    0x92,0xE7,0x84,0xAF,0xE8,0x80,0x96,0xE8,0xB6,0x85,0xE9,0x92,0x9E,0x00,0x63,0x68,
    0x65,0x00,0xE5,0x9D,0xBC,0xE5,0xB1,0xAE,0xE5,0xBD,0xBB,0xE6,0x89,0xAF,0xE6,0x8E,
    0xA3,0xE6,0x92,0xA4,0xE6,0xBE,0x88,0xE7,0xA0,0x97,0xE8,0xBD,0xA6,0x00,0x63,0x68,
    0x65,0x6E,0x00,0xE5,0x97,0x94,0xE5,0xAE,0xB8,0xE5,0xB0,0x98,0xE5,0xBF,0xB1,0xE6,
    0x8A,0xBB,0xE6,0x99,0xA8,0xE6,0xA6,0x87,0xE6,0xB2,0x89,0xE7,0x90,0x9B,0xE7,0xA2,
    0x9C,0xE8,0x87,0xA3,0xE8,0xA1,0xAC,0xE8,0xB0,0x8C,0xE8,0xB0,0xB6,0xE8,0xB6,0x81,
    0xE8,0xBE,0xB0,0xE9,0x83,0xB4,0xE9,0x99,0x88,0xE9,0xBE,0x80,0x00,0x63,0x68,0x65,
    0x6E,0x67,0x00,0xE4,0xB8,0x9E,0xE4,0xB9,0x98,0xE5,0x91,0x88,0xE5,0x9F,0x8E,0xE5,
    0x9F,0x95,0xE5,0xA1,0x8D,0xE6,0x83,0xA9,0xE6,0x88,0x90,0xE6,0x89,0xBF,0xE6,0x92,
    0x91,0xE6,0x99,0x9F,0xE6,0x9E,0xA8,0xE6,0x9F,0xBD,0xE6,0xA9,0x99,0xE6,0xBE,0x84,
    0xE7,0x9E,0xA0,0xE7,0xA7,0xA4,0xE7,0xA7,0xB0,0xE7,0xA8,0x8B,0xE8,0x9B,0x8F,0xE8,
    0xA3,0x8E,0xE8,0xAF,0x9A,0xE9,0x80,0x9E,0xE9,0x85,0xB2,0xE9,0x93,0x96,0xE9,0xAA,
    0x8B,0x00,0x63,0x68,0x69,0x00,0xE4,0xBE,0x88,0xE5,0x82,0xBA,0xE5,0x8F,0xB1,0xE5,
    0x90,0x83,0xE5,0x93,0xA7,0xE5,0x95,0xBB,0xE5,0x97,0xA4,0xE5,0x9D,0xBB,0xE5,0xA2,
    0x80,0xE5,0xAA,0xB8,0xE5,0xB0,0xBA,0xE5,0xBC,0x9B,0xE5,0xBD,0xB3,0xE6,0x8C,0x81,
    0xE6,0x95,0x95,0xE6,0x96,0xA5,0xE6,0xB1,0xA0,0xE7,0x82,0xBD,0xE7,0x97,0xB4,0xE7,
    0x98,0x9B,0xE7,0x9C,0xB5,0xE7,0xAC,0x9E,0xE7,0xAF,0xAA,0xE7,0xBF,0x85,0xE8,0x80,
    0xBB,0xE8,0x8C,0x8C,0xE8,0x9A,0xA9,0xE8,0x9E,0xAD,0xE8,0xA4,0xAB,0xE8,0xB5,0xA4,
    0xE8,0xB8,0x9F,0xE8,0xBF,0x9F,0xE9,0xA5,0xAC,0xE9,0xA9,0xB0,0xE9,0xAD,0x91,0xE9,
    0xB8,0xB1,0xE9,0xBD,0xBF,0x00,0x63,0x68,0x6F,0x6E,0x67,0x00,0xE5,0x85,0x85,0xE5,
    0x86,0xB2,0xE5,0xAE,0xA0,0xE5,0xB4,0x87,0xE5,0xBF,0xA1,0xE6,0x86,0xA7,0xE8,0x88,
    0x82,0xE8,0x89,0x9F,0xE8,0x8C,0xBA,0xE8,0x99,0xAB,0xE9,0x93,0xB3,0x00,0x63,0x68,
    0x6F,0x75,0x00,0xE4,0xB8,0x91,0xE4,0xBB,0x87,0xE4,0xBF,0xA6,0xE5,0xB8,0xB1,0xE6,
    0x83,0x86,0xE6,0x84,0x81,0xE6,0x8A,0xBD,0xE7,0x95,0xB4,0xE7,0x98,0xB3,0xE7,0x9E,
    0x85,0xE7,0xA8,0xA0,0xE7,0xAD,0xB9,0xE7,0xBB,0xB8,0xE8,0x87,0xAD,0xE8,0xB8,0x8C,
    0xE9,0x85,0xAC,0xE9,0x9B,0xA0,0x00,0x63,0x68,0x75,0x00,0xE4,0xBA,0x8D,0xE5,0x82,
    0xA8,0xE5,0x87,0xBA,0xE5,0x88,0x8D,0xE5,0x88,0x9D,0xE5,0x8E,0xA8,0xE5,0xA4,0x84,
    0xE6,0x80,0xB5,0xE6,0x86,0xB7,0xE6,0x90,0x90,0xE6,0x9D,0xB5,0xE6,0xA5,0x9A,0xE6,
    0xA5,0xAE,0xE6,0xA8,0x97,0xE6,0xA9,0xB1,0xE6,0xBB,0x81,0xE7,0x95,0x9C,0xE7,0x9F,
    0x97,0xE7,0xA1,0x80,0xE7,0xBB,0x8C,0xE8,0x9C,0x8D,0xE8,0xA4,0x9A,0xE8,0xA7,0xA6,
    0xE8,0xB9,0xB0,0xE8,0xBA,0x87,0xE9,0x94,0x84,0xE9,0x99,0xA4,0xE9,0x9B,0x8F,0xE9,
    0xBB,0x9C,0x00,0x63,0x68,0x75,0x61,0x69,0x00,0xE5,0x95,0x9C,0xE5,0x98,0xAC,0xE6,
    0x8F,0xA3,0xE6,0x90,0x8B,0xE8,0x86,0xAA,0xE8,0xB8,0xB9,0x00,0x63,0x68,0x75,0x61,
    0x6E,0x00,0xE4,0xB8,0xB2,0xE4,0xBC,0xA0,0xE5,0x96,0x98,0xE5,0xB7,0x9B,0xE5,0xB7,
    0x9D,0xE6,0xA4,0xBD,0xE6,0xB0,0x9A,0xE7,0xA9,0xBF,0xE8,0x88,0x9B,0xE8,0x88,0xA1,
    0xE8,0x88,0xB9,0xE9,0x81,0x84,0xE9,0x92,0x8F,0x00,0x63,0x68,0x75,0x61,0x6E,0x67,
    0x00,0xE5,0x88,0x9B,0xE5,0xB9,0xA2,0xE5,0xBA,0x8A,0xE6,0x80,0x86,0xE7,0x96,0xAE,
    0xE7,0xAA,0x97,0xE9,0x97,0xAF,0x00,0x63,0x68,0x75,0x69,0x00,0xE5,0x90,0xB9,0xE5,
    0x9E,0x82,0xE6,0x8D,0xB6,0xE6,0xA3,0xB0,0xE6,0xA4,0x8E,0xE6,0xA7,0x8C,0xE7,0x82,
    0x8A,0xE9,0x94,0xA4,0xE9,0x99,0xB2,0x00,0x63,0x68,0x75,0x6E,0x00,0xE5,0x94,0x87,
    0xE6,0x98,0xA5,0xE6,0xA4,0xBF,0xE6,0xB7,0xB3,0xE7,0xBA,0xAF,0xE8,0x8E,0xBC,0xE8,
    0x9D,0xBD,0xE8,0xA0,0xA2,0xE9,0x86,0x87,0xE9,0xB9,0x91,0x00,0x63,0x68,0x75,0x6F,
    0x00,0xE6,0x88,0xB3,0xE7,0xBB,0xB0,0xE8,0xB8,0x94,0xE8,0xBE,0x8D,0xE8,0xBE,0xB6,
    0xE9,0xBE,0x8A,0x00,0x63,0x69,0x00,0xE4,0xBC,0xBA,0xE5,0x88,0xBA,0xE5,0x91,0xB2,
    0xE6,0x85,0x88,0xE6,0xAC,0xA1,0xE6,0xAD,0xA4,0xE7,0x93,0xB7,0xE7,0x96,0xB5,0xE7,
    0xA3,0x81,0xE7,0xA5,0xA0,0xE7,0xB3,0x8D,0xE8,0x8C,0x88,0xE8,0x8C,0xA8,0xE8,0xAF,
    0x8D,0xE8,0xB5,0x90,0xE8,0xBE,0x9E,0xE9,0x9B,0x8C,0xE9,0xB9,0x9A,0x00,0x63,0x6F,
    0x6E,0x67,0x00,0xE4,0xB8,0x9B,0xE4,0xBB,0x8E,0xE5,0x8C,0x86,0xE5,0x9B,0xB1,0xE6,
    0x9E,0x9E,0xE6,0xB7,0x99,0xE7,0x90,0xAE,0xE7,0x92,0x81,0xE8,0x81,0xAA,0xE8,0x8B,
    0x81,0xE8,0x91,0xB1,0xE9,0xAA,0xA2,0x00,0x63,0x6F,0x75,0x00,0xE5,0x87,0x91,0xE8,
    0x85,0xA0,0xE8,0xBE,0x8F,0x00,0x63,0x75,0x00,0xE4,0xBF,0x83,0xE5,0xBE,0x82,0xE6,
    0xAE,0x82,0xE7,0x8C,0x9D,0xE7,0xB0,0x87,0xE7,0xB2,0x97,0xE8,0x94,0x9F,0xE8,0xB9,
    0x99,0xE8,0xB9,0xB4,0xE9,0x85,0xA2,0xE9,0x86,0x8B,0x00,0x63,0x75,0x61,0x6E,0x00,
    0xE6,0x92,0xBA,0xE6,0xB1,0x86,0xE7,0x88,0xA8,0xE7,0xAA,0x9C,0xE7,0xAF,0xA1,0xE8,
    0xB9,0xBF,0xE9,0x95,0xA9,0x00,0x63,0x75,0x69,0x00,0xE5,0x82,0xAC,0xE5,0x95,0x90,
    0xE5,0xB4,0x94,0xE6,0x82,0xB4,0xE6,0x91,0xA7,0xE6,0xA6,0xB1,0xE6,0xAF,0xB3,0xE6,
    0xB7,0xAC,0xE7,0x92,0x80,0xE7,0x98,0x81,0xE7,0xB2,0xB9,0xE7,0xBF,0xA0,0xE8,0x84,
    0x86,0xE8,0x90,0x83,0x00,0x63,0x75,0x6E,0x00,0xE5,0xAD,0x98,0xE5,0xAF,0xB8,0xE5,
    0xBF,0x96,0xE6,0x9D,0x91,0xE7,0x9A,0xB4,0x00,0x63,0x75,0x6F,0x00,0xE5,0x8E,0x9D,
    0xE5,0xB5,0xAF,0xE6,0x8C,0xAB,0xE6,0x8E,0xAA,0xE6,0x90,0x93,0xE6,0x92,0xAE,0xE7,
    0x97,0xA4,0xE7,0x9F,0xAC,0xE7,0xA3,0x8B,0xE8,0x84,0x9E,0xE8,0xB9,0x89,0xE9,0x94,
    0x89,0xE9,0x94,0x99,0xE9,0xB9,0xBE,0x00,0x64,0x61,0x00,0xE5,0x93,0x92,0xE5,0x97,
    0x92,0xE5,0xA4,0xA7,0xE5,0xA6,0xB2,0xE6,0x80,0x9B,0xE6,0x89,0x93,0xE6,0x90,0xAD,
    0xE6,0xB2,0x93,0xE7,0x98,0xA9,0xE7,0xAC,0xAA,0xE7,0xAD,0x94,0xE8,0x80,0xB7,0xE8,
    0xA4,0xA1,0xE8,0xBE,0xBE,0xE9,0x9D,0xBC,0xE9,0x9E,0x91,0x00,0x64,0x61,0x69,0x00,
    0xE4,0xBB,0xA3,0xE5,0x82,0xA3,0xE5,0x91,0x86,0xE5,0x91,0x94,0xE5,0x9F,0xAD,0xE5,
    0xB2,0xB1,0xE5,0xB8,0xA6,0xE5,0xBE,0x85,0xE6,0x80,0xA0,0xE6,0x88,0xB4,0xE6,0xAD,
    0xB9,0xE6,0xAE,0x86,0xE7,0x8E,0xB3,0xE7,0x94,0x99,0xE7,0xBB,0x90,0xE8,0xA2,0x8B,
    0xE8,0xB4,0xB7,0xE8,0xBF,0xA8,0xE9,0x80,0xAE,0xE9,0xAA,0x80,0xE9,0xBB,0x9B,0x00,
    0x64,0x61,0x6E,0x00,0xE4,0xB8,0xB9,0xE4,0xBD,0x86,0xE5,0x84,0x8B,0xE5,0x8D,0x95,
    0xE5,0x95,0x96,0xE5,0xBC,0xB9,0xE6,0x83,0xAE,0xE6,0x8B,0x85,0xE6,0x8E,0xB8,0xE6,
    0x97,0xA6,0xE6,0xAE,0x9A,0xE6,0xB0,0xAE,0xE6,0xB7,0xA1,0xE6,0xBE,0xB9,0xE7,0x96,
    0xB8,0xE7,0x98,0x85,0xE7,0x9C,0x88,0xE7,0xAE,0xAA,0xE8,0x80,0xBD,0xE8,0x81,0x83,
    0xE8,0x83,0x86,0xE8,0x90,0x8F,0xE8,0x9B,0x8B,0xE8,0xAF,0x9E,0xE8,0xB5,0x95,0xE9,
    0x83,0xB8,0x00,0x64,0x61,0x6E,0x67,0x00,0xE5,0x85,0x9A,0xE5,0x87,0xBC,0xE5,0xAE,
    0x95,0xE5,0xBD,0x93,0xE6,0x8C,0xA1,0xE6,0xA1,0xA3,0xE7,0xA0,0x80,0xE8,0x8D,0xA1,
    0xE8,0x8F,0xAA,0xE8,0xA3,0x86,0xE8,0xB0,0xA0,0xE9,0x93,0x9B,0x00,0x64,0x61,0x6F,
    0x00,0xE5,0x80,0x92,0xE5,0x88,0x80,0xE5,0x88,0x82,0xE5,0x88,0xB0,0xE5,0x8F,0xA8,
    0xE5,0xAF,0xBC,0xE5,0xB2,0x9B,0xE5,0xBF,0x89,0xE6,0x82,0xBC,0xE6,0x8D,0xA3,0xE6,
    0xB0,0x98,0xE7,0x84,0x98,0xE7,0x9B,0x97,0xE7,0xA5,0xB7,0xE7,0xA8,0xBB,0xE7,0xBA,
    0x9B,0xE8,0xB9,0x88,0xE9,0x81,0x93,0x00,0x64,0x65,0x00,0xE5,0xBE,0x97,0xE5,0xBE,
    0xB7,0xE7,0x9A,0x84,0xE9,0x94,0x9D,0x00,0x64,0x65,0x6E,0x67,0x00,0xE5,0x87,0xB3,
    0xE5,0x99,0x94,0xE5,0xB6,0x9D,0xE6,0x88,0xA5,0xE7,0x81,0xAF,0xE7,0x99,0xBB,0xE7,
    0x9E,0xAA,0xE7,0xA3,0xB4,0xE7,0xAD,0x89,0xE7,0xB0,0xA6,0xE8,0xB9,0xAC,0xE9,0x82,
    0x93,0xE9,0x95,0xAB,0x00,0x64,0x69,0x00,0xE4,0xBD,0x8E,0xE5,0x98,0x80,0xE5,0x9C,
    0xB0,0xE5,0xA0,0xA4,0xE5,0xA8,0xA3,0xE5,0xAB,0xA1,0xE5,0xB8,0x9D,0xE5,0xBA,0x95,
    0xE5,0xBC,0x9F,0xE6,0x8A,0xB5,0xE6,0x95,0x8C,0xE6,0x9F,0xA2,0xE6,0xA3,0xA3,0xE6,
    0xB0,0x90,0xE6,0xB6,0xA4,0xE6,0xBB,0xB4,0xE7,0x8B,0x84,0xE7,0x9D,0x87,0xE7,0xA0,
    0xA5,0xE7,0xA2,0xB2,0xE7,0xAC,0x9B,0xE7,0xAC,0xAC,0xE7,0xB1,0xB4,0xE7,0xBC,0x94,
    0xE7,0xBE,0x9D,0xE7,0xBF,0x9F,0xE8,0x8D,0xBB,0xE8,0x92,0x82,0xE8,0xA7,0x8C,0xE8,
    0xAF,0x8B,0xE8,0xB0,0x9B,0xE8,0xBF,0xAA,0xE9,0x80,0x92,0xE9,0x82,0xB8,0xE9,0x95,
    0x9D,0xE9,0xAA,0xB6,0x00,0x64,0x69,0x61,0x6E,0x00,0xE4,0xBD,0x83,0xE5,0x85,0xB8,
    0xE5,0x9D,0xAB,0xE5,0x9E,0xAB,0xE5,0xA5,0xA0,0xE5,0xB7,0x85,0xE5,0xBA,0x97,0xE6,
    0x83,0xA6,0xE6,0x8E,0x82,0xE6,0xAE,0xBF,0xE6,0xB7,0x80,0xE6,0xBB,0x87,0xE7,0x82,
    0xB9,0xE7,0x8E,0xB7,0xE7,0x94,0xB5,0xE7,0x94,0xB8,0xE7,0x99,0x9C,0xE7,0x99,0xAB,
    0xE7,0xA2,0x98,0xE7,0xB0,0x9F,0xE8,0xB8,0xAE,0xE9,0x92,0xBF,0xE9,0x98,0xBD,0xE9,
    0x9D,0x9B,0xE9,0xA2,0xA0,0x00,0x64,0x69,0x61,0x6F,0x00,0xE5,0x87,0x8B,0xE5,0x88,
    0x81,0xE5,0x8F,0xBC,0xE5,0x90,0x8A,0xE6,0x8E,0x89,0xE7,0xA2,0x89,0xE8,0xB0,0x83,
    0xE8,0xB2,0x82,0xE9,0x92,0x93,0xE9,0x93,0x9E,0xE9,0x93,0xAB,0xE9,0x9B,0x95,0xE9,
    0xB2,0xB7,0x00,0x64,0x69,0x65,0x00,0xE5,0x8F,0xA0,0xE5,0x96,0x8B,0xE5,0x97,0xB2,
    0xE5,0x9E,0xA4,0xE5,0xA0,0x9E,0xE6,0x8F,0xB2,0xE7,0x88,0xB9,0xE7,0x89,0x92,0xE7,
    0x93,0x9E,0xE7,0xA2,0x9F,0xE8,0x80,0x8B,0xE8,0x9D,0xB6,0xE8,0xB0,0x8D,0xE8,0xB7,
    0x8C,0xE8,0xB9,0x80,0xE8,0xBF,0xAD,0xE9,0xB2,0xBD,0x00,0x64,0x69,0x6E,0x67,0x00,
    0xE4,0xB8,0x81,0xE4,0xBB,0x83,0xE5,0x8F,0xAE,0xE5,0x95,0xB6,0xE5,0xAE,0x9A,0xE7,
    0x8E,0x8E,0xE7,0x96,0x94,0xE7,0x9B,0xAF,0xE7,0xA2,0x87,0xE8,0x80,0xB5,0xE8,0x85,
    0x9A,0xE8,0xAE,0xA2,0xE9,0x85,0x8A,0xE9,0x92,0x89,0xE9,0x93,0xA4,0xE9,0x94,0xAD,
    0xE9,0xA1,0xB6,0xE9,0xBC,0x8E,0x00,0x64,0x69,0x75,0x00,0xE4,0xB8,0xA2,0xE9,0x93,
    0xA5,0x00,0x64,0x6F,0x6E,0x67,0x00,0xE4,0xB8,0x9C,0xE4,0xBE,0x97,0xE5,0x86,0xAC,
    0xE5,0x86,0xBB,0xE5,0x8A,0xA8,0xE5,0x92,0x9A,0xE5,0x9E,0x8C,0xE5,0xB2,0xBD,0xE5,
    0xB3,0x92,0xE6,0x81,0xAB,0xE6,0x87,0x82,0xE6,0xA0,0x8B,0xE6,0xB0,0xA1,0xE6,0xB4,
    0x9E,0xE7,0xA1,0x90,0xE8,0x83,0xA8,0xE8,0x83,0xB4,0xE8,0x91,0xA3,0xE9,0xB8,0xAB,
    0x00,0x64,0x6F,0x75,0x00,0xE5,0x85,0x9C,0xE6,0x8A,0x96,0xE6,0x96,0x97,0xE7,0x97,
    0x98,0xE7,0xAA,0xA6,0xE7,0xAF,0xBC,0xE8,0x94,0xB8,0xE8,0x9A,0xAA,0xE8,0xB1,0x86,
    0xE9,0x80,0x97,0xE9,0x83,0xBD,0xE9,0x99,0xA1,0x00,0x64,0x75,0x00,0xE5,0x98,0x9F,
    0xE5,0xA0,0xB5,0xE5,0xA6,0x92,0xE5,0xBA,0xA6,0xE6,0x9D,0x9C,0xE6,0xA4,0x9F,0xE6,
    0xAF,0x92,0xE6,0xB8,0x8E,0xE6,0xB8,0xA1,0xE7,0x89,0x8D,0xE7,0x8A,0x8A,0xE7,0x8B,
    0xAC,0xE7,0x9D,0xA3,0xE7,0x9D,0xB9,0xE7,0xA2,0xA1,0xE7,0xAC,0x83,0xE8,0x82,0x9A,
    0xE8,0x8A,0x8F,0xE8,0xA0,0xB9,0xE8,0xAF,0xBB,0xE8,0xB5,0x8C,0xE9,0x95,0x80,0xE9,
    0xAB,0x91,0xE9,0xBB,0xA9,0x00,0x64,0x75,0x61,0x6E,0x00,0xE6,0x96,0xAD,0xE6,0xA4,
    0xB4,0xE6,0xAE,0xB5,0xE7,0x85,0x85,0xE7,0x9F,0xAD,0xE7,0xAB,0xAF,0xE7,0xB0,0x96,
    0xE7,0xBC,0x8E,0xE9,0x94,0xBB,0x00,0x64,0x75,0x69,0x00,0xE5,0x85,0x91,0xE5,0xA0,
    0x86,0xE5,0xAF,0xB9,0xE6,0x80,0xBC,0xE6,0x86,0x9D,0xE7,0xA2,0x93,0xE9,0x95,0xA6,
    0xE9,0x98,0x9F,0x00,0x64,0x75,0x6E,0x00,0xE5,0x90,0xA8,0xE5,0x9B,0xA4,0xE5,0xA2,
    0xA9,0xE6,0x95,0xA6,0xE6,0xB2,0x8C,0xE7,0x82,0x96,0xE7,0x9B,0xB9,0xE7,0x9B,0xBE,
    0xE7,0xA0,0x98,0xE7,0xA4,0x85,0xE8,0xB6,0xB8,0xE8,0xB9,0xB2,0xE9,0x81,0x81,0xE9,
    0x92,0x9D,0xE9,0xA1,0xBF,0x00,0x64,0x75,0x6F,0x00,0xE5,0x89,0x81,0xE5,0x92,0x84,
    0xE5,0x93,0x86,0xE5,0x93,0x9A,0xE5,0x9E,0x9B,0xE5,0xA0,0x95,0xE5,0xA4,0x9A,0xE5,
    0xA4,0xBA,0xE6,0x83,0xB0,0xE6,0x8E,0x87,0xE6,0x9C,0xB5,0xE6,0x9F,0x81,0xE7,0xBC,
    0x8D,0xE8,0x88,0xB5,0xE8,0xA3,0xB0,0xE8,0xB7,0xBA,0xE8,0xB8,0xB1,0xE8,0xBA,0xB2,
    0xE9,0x93,0x8E,0x00,0x65,0x00,0xE4,0xBF,0x84,0xE5,0x8E,0x84,0xE5,0x91,0x83,0xE5,
    0x99,0xA9,0xE5,0x9E,0xA9,0xE5,0xA8,0xA5,0xE5,0xA9,0x80,0xE5,0xB1,0x99,0xE5,0xB3,
    0xA8,0xE6,0x81,0xB6,0xE6,0x84,0x95,0xE6,0x89,0xBC,0xE8,0x85,0xAD,0xE8,0x8B,0x8A,
    0xE8,0x8E,0xAA,0xE8,0x90,0xBC,0xE8,0x9B,0xBE,0xE8,0xAE,0xB9,0xE8,0xB0,0x94,0xE8,
    0xBD,0xAD,0xE9,0x81,0x8F,0xE9,0x84,0x82,0xE9,0x94,0x87,0xE9,0x94,0xB7,0xE9,0x98,
    0x8F,0xE9,0xA2,0x9A,0xE9,0xA2,0x9D,0xE9,0xA5,0xBF,0xE9,0xB3,0x84,0xE9,0xB9,0x85,
    0xE9,0xB9,0x97,0x00,0x65,0x69,0x00,0xE8,0xAF,0xB6,0x00,0x65,0x6E,0x00,0xE6,0x81,
    0xA9,0xE6,0x91,0x81,0xE8,0x92,0xBD,0x00,0x65,0x72,0x00,0xE4,0xBA,0x8C,0xE4,0xBD,
    0xB4,0xE5,0x84,0xBF,0xE5,0xB0,0x94,0xE6,0xB4,0xB1,0xE7,0x8F,0xA5,0xE8,0x80,0x8C,
    0xE8,0x80,0xB3,0xE8,0xB4,0xB0,0xE8,0xBF,0xA9,0xE9,0x93,0x92,0xE9,0xA5,0xB5,0xE9,
    0xB2,0x95,0xE9,0xB8,0xB8,0x00,0x66,0x61,0x00,0xE4,0xB9,0x8F,0xE4,0xBC,0x90,0xE5,
    0x8F,0x91,0xE5,0x9E,0xA1,0xE6,0xB3,0x95,0xE7,0x8F,0x90,0xE7,0xA0,0x9D,0xE7,0xAD,
    0x8F,0xE7,0xBD,0x9A,0xE9,0x98,0x80,0x00,0x66,0x61,0x6E,0x00,0xE5,0x87,0xA1,0xE5,
    0x8F,0x8D,0xE5,0xB8,0x86,0xE5,0xB9,0xA1,0xE6,0xA2,0xB5,0xE6,0xA8,0x8A,0xE6,0xB3,
    0x9B,0xE7,0x83,0xA6,0xE7,0x87,0x94,0xE7,0x8A,0xAF,0xE7,0x95,0x88,0xE7,0x95,0xAA,
    0xE7,0x9F,0xBE,0xE7,0xB9,0x81,0xE7,0xBF,0xBB,0xE8,0x8C,0x83,0xE8,0x95,0x83,0xE8,
    0x97,0xA9,0xE8,0x98,0xA9,0xE8,0xB4,0xA9,0xE8,0xB9,0xAF,0xE8,0xBF,0x94,0xE9,0x92,
    0x92,0xE9,0xA5,0xAD,0x00,0x66,0x61,0x6E,0x67,0x00,0xE4,0xBB,0xBF,0xE5,0x8C,0x9A,
    0xE5,0x9D,0x8A,0xE5,0xA6,0xA8,0xE6,0x88,0xBF,0xE6,0x94,0xBE,0xE6,0x96,0xB9,0xE6,
    0x9E,0x8B,0xE7,0xBA,0xBA,0xE8,0x82,0xAA,0xE8,0x88,0xAB,0xE8,0x8A,0xB3,0xE8,0xAE,
    0xBF,0xE9,0x82,0xA1,0xE9,0x92,0xAB,0xE9,0x98,0xB2,0xE9,0xB2,0x82,0x00,0x66,0x65,
    0x69,0x00,0xE5,0x8C,0xAA,0xE5,0x90,0xA0,0xE5,0x95,0xA1,0xE5,0xA6,0x83,0xE5,0xBA,
    0x9F,0xE6,0x82,0xB1,0xE6,0x89,0x89,0xE6,0x96,0x90,0xE6,0xA6,0xA7,0xE6,0xB2,0xB8,
    0xE6,0xB7,0x9D,0xE7,0x8B,0x92,0xE7,0x97,0xB1,0xE7,0xAF,0x9A,0xE7,0xBB,0xAF,0xE7,
    0xBF,0xA1,0xE8,0x82,0xA5,0xE8,0x82,0xBA,0xE8,0x85,0x93,0xE8,0x8A,0xBE,0xE8,0x8F,
    0xB2,0xE8,0x9C,0x9A,0xE8,0xAF,0xBD,0xE8,0xB4,0xB9,0xE9,0x95,0x84,0xE9,0x9C,0x8F,
    0xE9,0x9D,0x9E,0xE9,0xA3,0x9E,0xE9,0xB2,0xB1,0x00,0x66,0x65,0x6E,0x00,0xE4,0xBB,
    0xBD,0xE5,0x81,0xBE,0xE5,0x88,0x86,0xE5,0x90,0xA9,0xE5,0x9D,0x9F,0xE5,0xA5,0x8B,
    0xE5,0xBF,0xBF,0xE6,0x84,0xA4,0xE6,0xA3,0xBC,0xE6,0xB0,0x9B,0xE6,0xB1,0xBE,0xE7,
    0x80,0xB5,0xE7,0x84,0x9A,0xE7,0xB2,0x89,0xE7,0xB2,0xAA,0xE7,0xBA,0xB7,0xE8,0x8A,
    0xAC,0xE9,0x85,0x9A,0xE9,0xB2,0xBC,0xE9,0xBC,0xA2,0x00,0x66,0x65,0x6E,0x67,0x00,
    0xE4,0xB8,0xB0,0xE4,0xBF,0xB8,0xE5,0x86,0xAF,0xE5,0x87,0xA4,0xE5,0x94,0xAA,0xE5,
    0xA5,0x89,0xE5,0xB0,0x81,0xE5,0xB3,0xB0,0xE6,0x9E,0xAB,0xE6,0xB2,0xA3,0xE7,0x83,
    0xBD,0xE7,0x96,0xAF,0xE7,0xA0,0x9C,0xE7,0xBC,0x9D,0xE8,0x91,0x91,0xE8,0x9C,0x82,
    0xE8,0xAE,0xBD,0xE9,0x80,0xA2,0xE9,0x85,0x86,0xE9,0x94,0x8B,0xE9,0xA3,0x8E,0x00,
    0x66,0x6F,0x75,0x00,0xE5,0x90,0xA6,0xE7,0xBC,0xB6,0x00,0x66,0x75,0x00,0xE4,0xBB,
    0x98,0xE4,0xBC,0x8F,0xE4,0xBD,0x9B,0xE4,0xBF,0x98,0xE4,0xBF,0xAF,0xE5,0x82,0x85,
    0xE5,0x87,0xAB,0xE5,0x89,0xAF,0xE5,0x8C,0x90,0xE5,0x91,0x8B,0xE5,0x92,0x90,0xE5,
    0xA4,0x8D,0xE5,0xA4,0xAB,0xE5,0xA6,0x87,0xE5,0xAD,0x9A,0xE5,0xAD,0xB5,0xE5,0xAF,
    0x8C,0xE5,0xB9,0x85,0xE5,0xB9,0x9E,0xE5,0xBA,0x9C,0xE5,0xBC,0x97,0xE6,0x80,0xAB,
    0xE6,0x89,0xB6,0xE6,0x8A,0x9A,0xE6,0x8B,0x82,0xE6,0x8B,0x8A,0xE6,0x95,0xB7,0xE6,
    0x96,0xA7,0xE6,0x9C,0x8D,0xE6,0xA1,0xB4,0xE6,0xB0,0x9F,0xE6,0xB5,0xAE,0xE6,0xB6,
    0xAA,0xE6,0xBB,0x8F,0xE7,0x88,0xB6,0xE7,0x94,0xAB,0xE7,0xA0,0xA9,0xE7,0xA5,0x93,
    0xE7,0xA6,0x8F,0xE7,0xA8,0x83,0xE7,0xAC,0xA6,0xE7,0xBB,0x82,0xE7,0xBB,0x8B,0xE7,
    0xBC,0x9A,0xE7,0xBD,0x98,0xE8,0x82,0xA4,0xE8,0x85,0x90,0xE8,0x85,0x91,0xE8,0x85,
    0xB9,0xE8,0x89,0xB4,0xE8,0x8A,0x99,0xE8,0x8B,0xBB,0xE8,0x8C,0xAF,0xE8,0x8E,0xA9,
    0xE8,0x8F,0x94,0xE8,0x9A,0xA8,0xE8,0x9C,0x89,0xE8,0x9D,0xA0,0xE8,0x9D,0xAE,0xE8,
    0xA2,0xB1,0xE8,0xA6,0x86,0xE8,0xAE,0xA3,0xE8,0xB4,0x9F,0xE8,0xB5,0x8B,0xE8,0xB5,
    0x99,0xE8,0xB5,0xB4,0xE8,0xB6,0xBA,0xE8,0xB7,0x97,0xE8,0xBE,0x85,0xE8,0xBE,0x90,
    0xE9,0x83,0x9B,0xE9,0x87,0x9C,0xE9,0x98,0x9C,0xE9,0x98,0x9D,0xE9,0x99,0x84,0xE9,
    0xA6,0xA5,0xE9,0xA9,0xB8,0xE9,0xB2,0x8B,0xE9,0xB3,0x86,0xE9,0xBA,0xB8,0xE9,0xBB,
    0xBB,0xE9,0xBB,0xBC,0x00,0x67,0x61,0x00,0xE4,0xBC,0xBD,0xE5,0x91,0xB7,0xE5,0x98,
    0x8E,0xE5,0x99,0xB6,0xE5,0xB0,0x95,0xE5,0xB0,0x9C,0xE5,0xB0,0xAC,0xE6,0x97,0xAE,
    0xE9,0x92,0x86,0x00,0x67,0x61,0x69,0x00,0xE4,0xB8,0x90,0xE5,0x9E,0x93,0xE6,0x88,
    0xA4,0xE6,0x94,0xB9,0xE6,0xA6,0x82,0xE6,0xBA,0x89,0xE7,0x9B,0x96,0xE8,0xAF,0xA5,
    0xE8,0xB5,0x85,0xE9,0x92,0x99,0xE9,0x99,0x94,0x00,0x67,0x61,0x6E,0x00,0xE5,0x9D,
    0xA9,0xE5,0xB0,0xB4,0xE5,0xB9,0xB2,0xE6,0x84,0x9F,0xE6,0x93,0x80,0xE6,0x95,0xA2,
    0xE6,0x97,0xB0,0xE6,0x9D,0x86,0xE6,0x9F,0x91,0xE6,0xA9,0x84,0xE6,0xB3,0x94,0xE6,
    0xB7,0xA6,0xE6,0xBE,0x89,0xE7,0x94,0x98,0xE7,0x96,0xB3,0xE7,0x9F,0xB8,0xE7,0xA7,
    0x86,0xE7,0xAB,0xBF,0xE7,0xBB,0x80,0xE8,0x82,0x9D,0xE8,0x8B,0xB7,0xE8,0xB5,0xA3,
    0xE8,0xB5,0xB6,0xE9,0x85,0x90,0x00,0x67,0x61,0x6E,0x67,0x00,0xE5,0x86,0x88,0xE5,
    0x88,0x9A,0xE5,0xB2,0x97,0xE6,0x88,0x86,0xE6,0x9D,0xA0,0xE6,0xB8,0xAF,0xE7,0xAD,
    0xBB,0xE7,0xBA,0xB2,0xE7,0xBC,0xB8,0xE7,0xBD,0xA1,0xE8,0x82,0x9B,0xE9,0x92,0xA2,
    0x00,0x67,0x61,0x6F,0x00,0xE5,0x91,0x8A,0xE6,0x90,0x9E,0xE6,0x9D,0xB2,0xE6,0xA7,
    0x81,0xE6,0xA7,0x94,0xE7,0x9A,0x8B,0xE7,0x9D,0xBE,0xE7,0xA8,0xBF,0xE7,0xAF,0x99,
    0xE7,0xB3,0x95,0xE7,0xBC,0x9F,0xE7,0xBE,0x94,0xE8,0x86,0x8F,0xE8,0x97,0x81,0xE8,
    0xAF,0xB0,0xE9,0x83,0x9C,0xE9,0x94,0x86,0xE9,0x95,0x90,0xE9,0xAB,0x98,0x00,0x67,
    0x65,0x00,0xE4,0xB8,0xAA,0xE4,0xBB,0xA1,0xE5,0x89,0xB2,0xE5,0x90,0x84,0xE5,0x92,
    0xAF,0xE5,0x93,0xA5,0xE5,0x93,0xBF,0xE5,0x97,0x9D,0xE5,0x9C,0xAA,0xE5,0xA1,0xA5,
    0xE6,0x88,0x88,0xE6,0x90,0x81,0xE6,0x90,0xBF,0xE6,0xA0,0xBC,0xE6,0xAD,0x8C,0xE7,
    0x96,0x99,0xE7,0xA1,0x8C,0xE7,0xBA,0xA5,0xE8,0x83,0xB3,0xE8,0x86,0x88,0xE8,0x88,
    0xB8,0xE8,0x91,0x9B,0xE8,0x99,0xBC,0xE8,0xA2,0xBC,0xE9,0x93,0xAC,0xE9,0x95,0x89,
    0xE9,0x98,0x81,0xE9,0x9A,0x94,0xE9,0x9D,0xA9,0xE9,0xAA,0xBC,0xE9,0xAC,0xB2,0xE9,
    0xB8,0xBD,0x00,0x67,0x65,0x69,0x00,0xE7,0xBB,0x99,0x00,0x67,0x65,0x6E,0x00,0xE4,
    0xBA,0x98,0xE5,0x93,0x8F,0xE6,0xA0,0xB9,0xE8,0x89,0xAE,0xE8,0x8C,0x9B,0xE8,0xB7,
    0x9F,0x00,0x67,0x65,0x6E,0x67,0x00,0xE5,0x93,0xBD,0xE5,0x9F,0x82,0xE5,0xBA,0x9A,
    0xE6,0x9B,0xB4,0xE6,0xA2,0x97,0xE7,0xBB,0xA0,0xE7,0xBE,0xB9,0xE8,0x80,0x95,0xE8,
    0x80,0xBF,0xE8,0xB5,0x93,0xE9,0xB2,0xA0,0x00,0x67,0x6F,0x6E,0x67,0x00,0xE4,0xBE,
    0x9B,0xE5,0x85,0xAC,0xE5,0x85,0xB1,0xE5,0x8A,0x9F,0xE5,0xAE,0xAB,0xE5,0xB7,0xA5,
    0xE5,0xB7,0xA9,0xE5,0xBB,0xBE,0xE5,0xBC,0x93,0xE6,0x81,0xAD,0xE6,0x8B,0xB1,0xE6,
    0x94,0xBB,0xE6,0xB1,0x9E,0xE7,0x8F,0x99,0xE8,0x82,0xB1,0xE8,0x9A,0xA3,0xE8,0xA7,
    0xA5,0xE8,0xB4,0xA1,0xE8,0xBA,0xAC,0xE9,0xBE,0x9A,0x00,0x67,0x6F,0x75,0x00,0xE4,
    0xBD,0x9D,0xE5,0x8B,0xBE,0xE5,0x9E,0xA2,0xE5,0xA4,0x9F,0xE5,0xAA,0xBE,0xE5,0xB2,
    0xA3,0xE5,0xBD,0x80,0xE6,0x9E,0x84,0xE6,0x9E,0xB8,0xE6,0xB2,0x9F,0xE7,0x8B,0x97,
    0xE7,0xAC,0xB1,0xE7,0xAF,0x9D,0xE7,0xBC,0x91,0xE8,0x8B,0x9F,0xE8,0xA7,0x8F,0xE8,
    0xAF,0x9F,0xE8,0xB4,0xAD,0xE9,0x81,0x98,0xE9,0x92,0xA9,0xE9,0x9E,0xB2,0x00,0x67,
    0x75,0x00,0xE4,0xBC,0xB0,0xE5,0x8F,0xA4,0xE5,0x91,0xB1,0xE5,0x92,0x95,0xE5,0x98,
    0x8F,0xE5,0x9B,0xBA,0xE5,0xA7,0x91,0xE5,0xAD,0xA4,0xE5,0xB4,0xAE,0xE6,0x95,0x85,
    0xE6,0xA2,0x8F,0xE6,0xAF,0x82,0xE6,0xB1,0xA9,0xE6,0xB2,0xBD,0xE7,0x89,0xAF,0xE7,
    0x89,0xBF,0xE7,0x97,0xBC,0xE7,0x9E,0xBD,0xE7,0xAE,0x8D,0xE7,0xBD,0x9F,0xE8,0x82,
    0xA1,0xE8,0x87,0x8C,0xE8,0x8F,0x87,0xE8,0x8F,0xB0,0xE8,0x9B,0x84,0xE8,0x9B,0x8A,
    0xE8,0xA7,0x9A,0xE8,0xAF,0x82,0xE8,0xB0,0xB7,0xE8,0xBD,0xB1,0xE8,0xBE,0x9C,0xE9,
    0x85,0xA4,0xE9,0x92,0xB4,0xE9,0x94,0xA2,0xE9,0x9B,0x87,0xE9,0xA1,0xBE,0xE9,0xAA,
    0xA8,0xE9,0xB2,0xB4,0xE9,0xB8,0xAA,0xE9,0xB9,0x84,0xE9,0xB9,0x98,0xE9,0xBC,0x93,
    0x00,0x67,0x75,0x61,0x00,0xE5,0x88,0xAE,0xE5,0x89,0x90,0xE5,0x8D,0xA6,0xE5,0xAF,
    0xA1,0xE6,0x8C,0x82,0xE6,0xA0,0x9D,0xE7,0x93,0x9C,0xE8,0x81,0x92,0xE8,0x83,0x8D,
    0xE8,0xA4,0x82,0xE8,0xAF,0x96,0xE9,0xB8,0xB9,0x00,0x67,0x75,0x61,0x69,0x00,0xE4,
    0xB9,0x96,0xE6,0x80,0xAA,0xE6,0x8B,0x90,0xE6,0x8E,0xB4,0x00,0x67,0x75,0x61,0x6E,
    0x00,0xE5,0x80,0x8C,0xE5,0x85,0xB3,0xE5,0x86,0xA0,0xE5,0xAE,0x98,0xE6,0x83,0xAF,
    0xE6,0x8E,0xBC,0xE6,0xA3,0xBA,0xE6,0xB6,0xAB,0xE7,0x81,0x8C,0xE7,0x9B,0xA5,0xE7,
    0xAE,0xA1,0xE7,0xBD,0x90,0xE8,0x8E,0x9E,0xE8,0xA7,0x82,0xE8,0xB4,0xAF,0xE9,0xA6,
    0x86,0xE9,0xB3,0x8F,0xE9,0xB9,0xB3,0x00,0x67,0x75,0x61,0x6E,0x67,0x00,0xE5,0x85,
    0x89,0xE5,0x92,0xA3,0xE5,0xB9,0xBF,0xE6,0xA1,0x84,0xE7,0x8A,0xB7,0xE8,0x83,0xB1,
    0xE9,0x80,0x9B,0x00,0x67,0x75,0x69,0x00,0xE5,0x82,0x80,0xE5,0x88,0xBD,0xE5,0x88,
    0xBF,0xE5,0x8C,0xA6,0xE5,0x9C,0xAD,0xE5,0xA6,0xAB,0xE5,0xAE,0x84,0xE5,0xBA,0x8B,
    0xE5,0xBD,0x92,0xE6,0x99,0xB7,0xE6,0x9F,0x9C,0xE6,0xA1,0x82,0xE6,0xA1,0xA7,0xE7,
    0x82,0x94,0xE7,0x91,0xB0,0xE7,0x99,0xB8,0xE7,0x9A,0x88,0xE7,0xA1,0x85,0xE7,0xB0,
    0x8B,0xE8,0xA7,0x84,0xE8,0xAF,0xA1,0xE8,0xB4,0xB5,0xE8,0xB7,0xAA,0xE8,0xBD,0xA8,
    0xE9,0x97,0xBA,0xE9,0xAC,0xBC,0xE9,0xB2,0x91,0xE9,0xB3,0x9C,0xE9,0xBE,0x9F,0x00,
    0x67,0x75,0x6E,0x00,0xE4,0xB8,0xA8,0xE6,0xA3,0x8D,0xE6,0xBB,0x9A,0xE7,0xA3,0x99,
    0xE7,0xBB,0xB2,0xE8,0xA1,0xAE,0xE8,0xBE,0x8A,0xE9,0xB2,0xA7,0x00,0x67,0x75,0x6F,
    0x00,0xE5,0x91,0x99,0xE5,0x9B,0xBD,0xE5,0x9F,0x9A,0xE5,0xB4,0x9E,0xE5,0xB8,0xBC,
    0xE6,0x9E,0x9C,0xE6,0xA4,0x81,0xE7,0x8C,0x93,0xE8,0x99,0xA2,0xE8,0x9C,0xBE,0xE8,
    0x9D,0x88,0xE8,0xA3,0xB9,0xE8,0xBF,0x87,0xE9,0x83,0xAD,0xE9,0x94,0x85,0xE9,0xA6,
    0x98,0x00,0x68,0x61,0x00,0xE5,0x93,0x88,0xE8,0x9B,0xA4,0xE9,0x93,0xAA,0x00,0x68,
    0x61,0x69,0x00,0xE4,0xBA,0xA5,0xE5,0x97,0xA8,0xE5,0xAD,0xA9,0xE5,0xAE,0xB3,0xE6,
    0xB0,0xA6,0xE6,0xB5,0xB7,0xE8,0x83,0xB2,0xE8,0xBF,0x98,0xE9,0x86,0xA2,0xE9,0xAA,
    0x87,0xE9,0xAA,0xB8,0x00,0x68,0x61,0x6E,0x00,0xE5,0x87,0xBD,0xE5,0x90,0xAB,0xE5,
    0x96,0x8A,0xE5,0xAF,0x92,0xE6,0x82,0x8D,0xE6,0x86,0xA8,0xE6,0x86,0xBE,0xE6,0x8D,
    0x8D,0xE6,0x92,0x96,0xE6,0x92,0xBC,0xE6,0x97,0xB1,0xE6,0x99,0x97,0xE6,0xB1,0x89,
    0xE6,0xB1,0x97,0xE6,0xB6,0xB5,0xE7,0x80,0x9A,0xE7,0x84,0x8A,0xE7,0x84,0x93,0xE7,
    0xBD,0x95,0xE7,0xBF,0xB0,0xE8,0x8F,0xA1,0xE8,0x9A,0xB6,0xE9,0x82,0x97,0xE9,0x82,
    0xAF,0xE9,0x85,0xA3,0xE9,0x98,0x9A,0xE9,0x9F,0xA9,0xE9,0xA1,0xB8,0xE9,0xA2,0x94,
    0xE9,0xBC,0xBE,0x00,0x68,0x61,0x6E,0x67,0x00,0xE5,0xA4,0xAF,0xE6,0x9D,0xAD,0xE6,
    0xB2,0x86,0xE7,0x8F,0xA9,0xE7,0xBB,0x97,0xE8,0x88,0xAA,0xE9,0xA2,0x83,0x00,0x68,
    0x61,0x6F,0x00,0xE5,0x8F,0xB7,0xE5,0x97,0xA5,0xE5,0x9A,0x86,0xE5,0x9A,0x8E,0xE5,
    0xA3,0x95,0xE5,0xA5,0xBD,0xE6,0x98,0x8A,0xE6,0xAF,0xAB,0xE6,0xB5,0xA9,0xE6,0xBF,
    0xA0,0xE7,0x81,0x8F,0xE7,0x9A,0x93,0xE8,0x80,0x97,0xE8,0x92,0xBF,0xE8,0x96,0x85,
    0xE8,0x9A,0x9D,0xE8,0xB1,0xAA,0xE8,0xB2,0x89,0xE9,0x83,0x9D,0xE9,0xA2,0xA2,0x00,
    0x68,0x65,0x00,0xE4,0xBD,0x95,0xE5,0x8A,0xBE,0xE5,0x90,0x88,0xE5,0x91,0xB5,0xE5,
    0x92,0x8C,0xE5,0x96,0x9D,0xE5,0x97,0xAC,0xE5,0xA3,0x91,0xE6,0x9B,0xB7,0xE6,0xA0,
    0xB8,0xE6,0xB2,0xB3,0xE6,0xB6,0xB8,0xE7,0x9B,0x8D,0xE7,0x9B,0x92,0xE7,0xA6,0xBE,
    0xE7,0xBF,0xAE,0xE8,0x8D,0xB7,0xE8,0x8F,0x8F,0xE8,0x9A,0xB5,0xE8,0xA4,0x90,0xE8,
    0xAF,0x83,0xE8,0xB4,0xBA,0xE8,0xB5,0xAB,0xE9,0x98,0x82,0xE9,0x98,0x96,0xE9,0xA2,
    0x8C,0xE9,0xB9,0xA4,0x00,0x68,0x65,0x69,0x00,0xE5,0x98,0xBF,0xE9,0xBB,0x91,0x00,
    0x68,0x65,0x6E,0x00,0xE5,0xBE,0x88,0xE6,0x81,0xA8,0xE7,0x8B,0xA0,0xE7,0x97,0x95,
    0x00,0x68,0x65,0x6E,0x67,0x00,0xE4,0xBA,0xA8,0xE5,0x93,0xBC,0xE6,0x81,0x92,0xE6,
    0xA1,0x81,0xE6,0xA8,0xAA,0xE8,0x98,0x85,0xE8,0xA1,0xA1,0x00,0x68,0x6F,0x6E,0x67,
    0x00,0xE5,0x93,0x84,0xE5,0xAE,0x8F,0xE5,0xBC,0x98,0xE6,0xB3,0x93,0xE6,0xB4,0xAA,
    0xE7,0x83,0x98,0xE7,0xBA,0xA2,0xE8,0x8D,0xAD,0xE8,0x95,0xBB,0xE8,0x96,0xA8,0xE8,
    0x99,0xB9,0xE8,0xA8,0x87,0xE8,0xAE,0xA7,0xE8,0xBD,0xB0,0xE9,0x97,0xB3,0xE9,0xB8,
    0xBF,0xE9,0xBB,0x89,0x00,0x68,0x6F,0x75,0x00,0xE4,0xBE,0xAF,0xE5,0x80,0x99,0xE5,
    0x8E,0x9A,0xE5,0x90,0x8E,0xE5,0x90,0xBC,0xE5,0x96,0x89,0xE5,0xA0,0xA0,0xE5,0xBE,
    0x8C,0xE7,0x8C,0xB4,0xE7,0x98,0x8A,0xE7,0xAF,0x8C,0xE7,0xB3,0x87,0xE9,0x80,0x85,
    0xE9,0xAA,0xBA,0xE9,0xB2,0x8E,0x00,0x68,0x75,0x00,0xE4,0xB9,0x8E,0xE4,0xBA,0x92,
    0xE5,0x86,0xB1,0xE5,0x91,0xBC,0xE5,0x94,0xAC,0xE5,0x94,0xBF,0xE5,0x9B,0xAB,0xE5,
    0xA3,0xB6,0xE5,0xB2,0xB5,0xE5,0xBC,0xA7,0xE5,0xBF,0xBD,0xE6,0x80,0x99,0xE6,0x83,
    0x9A,0xE6,0x88,0xB7,0xE6,0x88,0xBD,0xE6,0x89,0x88,0xE6,0x8A,0xA4,0xE6,0x96,0x9B,
    0xE6,0xA7,0xB2,0xE6,0xB2,0xAA,0xE6,0xB5,0x92,0xE6,0xB9,0x96,0xE6,0xBB,0xB9,0xE7,
    0x83,0x80,0xE7,0x85,0xB3,0xE7,0x8B,0x90,0xE7,0x8C,0xA2,0xE7,0x90,0xA5,0xE7,0x91,
    0x9A,0xE7,0x93,0xA0,0xE7,0xA5,0x9C,0xE7,0xAC,0x8F,0xE7,0xB3,0x8A,0xE8,0x83,0xA1,
    0xE8,0x91,0xAB,0xE8,0x99,0x8D,0xE8,0x99,0x8E,0xE8,0x9D,0xB4,0xE8,0xA7,0xB3,0xE8,
    0xBD,0xB7,0xE9,0x86,0x90,0xE9,0xB9,0x95,0xE9,0xB9,0xB1,0x00,0x68,0x75,0x61,0x00,
    0xE5,0x88,0x92,0xE5,0x8C,0x96,0xE5,0x8D,0x8E,0xE5,0x93,0x97,0xE6,0xA1,0xA6,0xE6,
    0xBB,0x91,0xE7,0x8C,0xBE,0xE7,0x94,0xBB,0xE8,0x8A,0xB1,0xE8,0xAF,0x9D,0xE9,0x93,
    0xA7,0xE9,0xAA,0x85,0x00,0x68,0x75,0x61,0x69,0x00,0xE5,0x9D,0x8F,0xE5,0xBE,0x8A,
    0xE6,0x80,0x80,0xE6,0xA7,0x90,0xE6,0xB7,0xAE,0xE8,0xB8,0x9D,0x00,0x68,0x75,0x61,
    0x6E,0x00,0xE5,0x94,0xA4,0xE5,0x9C,0x9C,0xE5,0xA5,0x82,0xE5,0xAE,0xA6,0xE5,0xAF,
    0xB0,0xE5,0xB9,0xBB,0xE6,0x82,0xA3,0xE6,0x8D,0xA2,0xE6,0x93,0x90,0xE6,0xA1,0x93,
    0xE6,0xAC,0xA2,0xE6,0xB4,0xB9,0xE6,0xB5,0xA3,0xE6,0xB6,0xA3,0xE6,0xBC,0xB6,0xE7,
    0x84,0x95,0xE7,0x8D,0xBE,0xE7,0x8E,0xAF,0xE7,0x97,0xAA,0xE7,0xBC,0x93,0xE7,0xBC,
    0xB3,0xE8,0x90,0x91,0xE8,0xB1,0xA2,0xE9,0x80,0xAD,0xE9,0x83,0x87,0xE9,0x94,0xBE,
    0xE9,0xAC,0x9F,0xE9,0xB2,0xA9,0x00,0x68,0x75,0x61,0x6E,0x67,0x00,0xE5,0x87,0xB0,
    0xE5,0xB9,0x8C,0xE5,0xBE,0xA8,0xE6,0x81,0x8D,0xE6,0x83,0xB6,0xE6,0x85,0x8C,0xE6,
    0x99,0x83,0xE6,0xB9,0x9F,0xE6,0xBD,0xA2,0xE7,0x85,0x8C,0xE7,0x92,0x9C,0xE7,0x99,
    0x80,0xE7,0x9A,0x87,0xE7,0xA3,0xBA,0xE7,0xAF,0x81,0xE7,0xB0,0xA7,0xE8,0x82,0x93,
    0xE8,0x8D,0x92,0xE8,0x9D,0x97,0xE8,0x9F,0xA5,0xE8,0xB0,0x8E,0xE9,0x81,0x91,0xE9,
    0x9A,0x8D,0xE9,0xB3,0x87,0xE9,0xBB,0x84,0x00,0x68,0x75,0x69,0x00,0xE4,0xBC,0x9A,
    0xE5,0x8D,0x89,0xE5,0x92,0xB4,0xE5,0x93,0x95,0xE5,0x96,0x99,0xE5,0x9B,0x9E,0xE5,
    0xBD,0x97,0xE5,0xBE,0xBD,0xE6,0x81,0x9A,0xE6,0x81,0xA2,0xE6,0x82,0x94,0xE6,0x83,
    0xA0,0xE6,0x85,0xA7,0xE6,0x8C,0xA5,0xE6,0x99,0x96,0xE6,0x99,0xA6,0xE6,0xAF,0x81,
    0xE6,0xB1,0x87,0xE6,0xB4,0x84,0xE6,0xB5,0x8D,0xE7,0x81,0xB0,0xE7,0x83,0xA9,0xE7,
    0x8F,0xB2,0xE7,0xA7,0xBD,0xE7,0xBB,0x98,0xE7,0xBC,0x8B,0xE8,0x8C,0xB4,0xE8,0x8D,
    0x9F,0xE8,0x95,0x99,0xE8,0x99,0xBA,0xE8,0x9B,0x94,0xE8,0x9F,0xAA,0xE8,0xAE,0xB3,
    0xE8,0xAF,0x99,0xE8,0xAF,0xB2,0xE8,0xB4,0xBF,0xE8,0xBE,0x89,0xE9,0x9A,0xB3,0xE9,
    0xBA,0xBE,0x00,0x68,0x75,0x6E,0x00,0xE5,0xA9,0x9A,0xE6,0x98,0x8F,0xE6,0xB5,0x91,
    0xE6,0xB7,0xB7,0xE6,0xBA,0xB7,0xE8,0x8D,0xA4,0xE8,0xAF,0xA8,0xE9,0x98,0x8D,0xE9,
    0xA6,0x84,0xE9,0xAD,0x82,0x00,0x68,0x75,0x6F,0x00,0xE4,0xBC,0x99,0xE5,0x8A,0x90,
    0xE5,0x9A,0xAF,0xE5,0xA4,0xA5,0xE6,0x83,0x91,0xE6,0x88,0x96,0xE6,0x94,0x89,0xE6,
    0xB4,0xBB,0xE7,0x81,0xAB,0xE7,0xA0,0x89,0xE7,0xA5,0xB8,0xE8,0x80,0xA0,0xE8,0x8E,
    0xB7,0xE8,0x97,0xBF,0xE8,0xA0,0x96,0xE8,0xB1,0x81,0xE8,0xB4,0xA7,0xE9,0x92,0xAC,
    0xE9,0x94,0xAA,0xE9,0x95,0xAC,0xE9,0x9C,0x8D,0x00,0x6A,0x69,0x00,0xE4,0xB8,0x8C,
    0xE4,0xB9,0xA9,0xE4,0xBA,0x9F,0xE4,0xBC,0x8E,0xE4,0xBD,0xB6,0xE5,0x81,0x88,0xE5,
    0x86,0x80,0xE5,0x87,0xA0,0xE5,0x87,0xBB,0xE5,0x89,0x82,0xE5,0x89,0x9E,0xE5,0x8D,
    0xB3,0xE5,0x8F,0x8A,0xE5,0x8F,0xBD,0xE5,0x90,0x89,0xE5,0x92,0xAD,0xE5,0x93,0x9C,
    0xE5,0x94,0xA7,0xE5,0x9C,0xBE,0xE5,0x9F,0xBA,0xE5,0xA2,0xBC,0xE5,0xA6,0x93,0xE5,
    0xA7,0xAC,0xE5,0xAB,0x89,0xE5,0xAD,0xA3,0xE5,0xAF,0x82,0xE5,0xAF,0x84,0xE5,0xB1,
    0x90,0xE5,0xB2,0x8C,0xE5,0xB5,0x87,0xE5,0xB5,0xB4,0xE5,0xB7,0xB1,0xE5,0xBD,0x90,
    0xE5,0xBF,0x8C,0xE6,0x80,0xA5,0xE6,0x82,0xB8,0xE6,0x88,0x9F,0xE6,0x88,0xA2,0xE6,
    0x8A,0x80,0xE6,0x8C,0xA4,0xE6,0x8E,0x8E,0xE6,0x97,0xA2,0xE6,0x9A,0xA8,0xE6,0x9C,
    0xBA,0xE6,0x9E,0x81,0xE6,0xA3,0x98,0xE6,0xA5,0xAB,0xE6,0xAE,0x9B,0xE6,0xB1,0xB2,
    0xE6,0xB4,0x8E,0xE6,0xB5,0x8E,0xE6,0xBF,0x80,0xE7,0x8A,0x84,0xE7,0x8E,0x91,0xE7,
    0x95,0xB8,0xE7,0x95,0xBF,0xE7,0x96,0xBE,0xE7,0x98,0xA0,0xE7,0x9F,0xB6,0xE7,0xA5,
    0xAD,0xE7,0xA7,0xAF,0xE7,0xA8,0xB7,0xE7,0xA8,0xBD,0xE7,0xAC,0x84,0xE7,0xAC,0x88,
    0xE7,0xAE,0x95,0xE7,0xB1,0x8D,0xE7,0xBA,0xA7,0xE7,0xBA,0xAA,0xE7,0xBB,0xA7,0xE7,
    0xBB,0xA9,0xE7,0xBC,0x89,0xE7,0xBE,0x81,0xE8,0x82,0x8C,0xE8,0x84,0x8A,0xE8,0x8A,
    0xA8,0xE8,0x8A,0xB0,0xE8,0x8D,0xA0,0xE8,0x92,0xBA,0xE8,0x93,0x9F,0xE8,0x95,0xBA,
    0xE8,0x97,0x89,0xE8,0x99,0xAE,0xE8,0xA7,0x8A,0xE8,0xAE,0xA1,0xE8,0xAE,0xA5,0xE8,
    0xAE,0xB0,0xE8,0xAF,0x98,0xE8,0xB5,0x8D,0xE8,0xB7,0xBB,0xE8,0xB7,0xBD,0xE8,0xBE,
    0x91,0xE8,0xBF,0xB9,0xE9,0x99,0x85,0xE9,0x9B,0x86,0xE9,0x9C,0x81,0xE9,0xA5,0xA5,
    0xE9,0xAA,0xA5,0xE9,0xAB,0xBB,0xE9,0xB2,0x9A,0xE9,0xB2,0xAB,0xE9,0xB8,0xA1,0xE9,
    0xBA,0x82,0xE9,0xBD,0x91,0x00,0x6A,0x69,0x61,0x00,0xE4,0xBB,0xB7,0xE4,0xBD,0xB3,
    0xE5,0x81,0x87,0xE5,0x8A,0xA0,0xE5,0x98,0x89,0xE5,0xA4,0xB9,0xE5,0xAB,0x81,0xE5,
    0xAE,0xB6,0xE5,0xB2,0xAC,0xE6,0x81,0x9D,0xE6,0x88,0x9B,0xE6,0x9E,0xB6,0xE6,0x9E,
    0xB7,0xE6,0xB5,0x83,0xE7,0x8F,0x88,0xE7,0x94,0xB2,0xE7,0x97,0x82,0xE7,0x98,0x95,
    0xE7,0xA8,0xBC,0xE7,0xAC,0xB3,0xE8,0x83,0x9B,0xE8,0x8C,0x84,0xE8,0x8D,0x9A,0xE8,
    0x91,0xAD,0xE8,0x9B,0xB1,0xE8,0xA2,0x88,0xE8,0xA2,0xB7,0xE8,0xB4,0xBE,0xE8,0xB7,
    0x8F,0xE8,0xBF,0xA6,0xE9,0x83,0x8F,0xE9,0x92,0xBE,0xE9,0x93,0x97,0xE9,0x95,0x93,
    0xE9,0xA2,0x8A,0xE9,0xA9,0xBE,0x00,0x6A,0x69,0x61,0x6E,0x00,0xE4,0xBB,0xB6,0xE4,
    0xBF,0xAD,0xE5,0x81,0xA5,0xE5,0x83,0xAD,0xE5,0x85,0xBC,0xE5,0x87,0x8F,0xE5,0x89,
    0x91,0xE5,0x89,0xAA,0xE5,0x9B,0x9D,0xE5,0x9D,0x9A,0xE5,0xA5,0xB8,0xE5,0xB0,0x96,
    0xE5,0xBB,0xBA,0xE6,0x88,0x8B,0xE6,0x88,0xAC,0xE6,0x8B,0xA3,0xE6,0x8D,0xA1,0xE6,
    0x90,0x9B,0xE6,0x9E,0xA7,0xE6,0x9F,0xAC,0xE6,0xA3,0x80,0xE6,0xA5,0x97,0xE6,0xAD,
    0xBC,0xE6,0xAF,0xBD,0xE6,0xB6,0xA7,0xE6,0xB8,0x90,0xE6,0xB9,0x94,0xE6,0xBA,0x85,
    0xE7,0x85,0x8E,0xE7,0x89,0xAE,0xE7,0x8A,0x8D,0xE7,0x9B,0x91,0xE7,0x9D,0x91,0xE7,
    0xA1,0xB7,0xE7,0xA2,0xB1,0xE7,0xAC,0x95,0xE7,0xAC,0xBA,0xE7,0xAE,0x80,0xE7,0xAE,
    0xAD,0xE7,0xBC,0x84,0xE7,0xBC,0xA3,0xE7,0xBF,0xA6,0xE8,0x82,0xA9,0xE8,0x85,0xB1,
    0xE8,0x88,0xB0,0xE8,0x89,0xB0,0xE8,0x8C,0xA7,0xE8,0x8D,0x90,0xE8,0x8F,0x85,0xE8,
    0x92,0xB9,0xE8,0xA3,0xA5,0xE8,0xA7,0x81,0xE8,0xAC,0x87,0xE8,0xB0,0x8F,0xE8,0xB0,
    0xAB,0xE8,0xB4,0xB1,0xE8,0xB6,0xBC,0xE8,0xB7,0xB5,0xE8,0xB8,0xBA,0xE8,0xB9,0x87,
    0xE9,0x89,0xB4,0xE9,0x94,0x8F,0xE9,0x94,0xAE,0xE9,0x97,0xB4,0xE9,0x9E,0xAF,0xE9,
    0xA5,0xAF,0xE9,0xB2,0xA3,0xE9,0xB9,0xA3,0x00,0x6A,0x69,0x61,0x6E,0x67,0x00,0xE5,
    0x83,0xB5,0xE5,0x8C,0xA0,0xE5,0xA5,0x96,0xE5,0xA7,0x9C,0xE5,0xB0,0x86,0xE6,0xA1,
    0xA8,0xE6,0xB1,0x9F,0xE6,0xB4,0x9A,0xE6,0xB5,0x86,0xE7,0x8A,0x9F,0xE7,0x96,0x86,
    0xE7,0xA4,0x93,0xE7,0xB3,0xA8,0xE7,0xBB,0x9B,0xE7,0xBC,0xB0,0xE8,0x80,0xA9,0xE8,
    0x8C,0xB3,0xE8,0x92,0x8B,0xE8,0xAE,0xB2,0xE8,0xB1,0x87,0xE9,0x85,0xB1,0xE9,0x99,
    0x8D,0x00,0x6A,0x69,0x61,0x6F,0x00,0xE4,0xBA,0xA4,0xE4,0xBD,0xBC,0xE4,0xBE,0xA5,
    0xE5,0x83,0xAC,0xE5,0x89,0xBF,0xE5,0x8F,0xAB,0xE5,0x99,0x8D,0xE5,0xA7,0xA3,0xE5,
    0xA8,0x87,0xE5,0xB3,0xA4,0xE5,0xBE,0xBC,0xE6,0x8C,0xA2,0xE6,0x90,0x85,0xE6,0x95,
    0x99,0xE6,0x95,0xAB,0xE6,0xA4,0x92,0xE6,0xB5,0x87,0xE6,0xB9,0xAB,0xE7,0x84,0xA6,
    0xE7,0x8B,0xA1,0xE7,0x9A,0x8E,0xE7,0x9F,0xAB,0xE7,0xA4,0x81,0xE7,0xAA,0x96,0xE7,
    0xBB,0x9E,0xE7,0xBC,0xB4,0xE8,0x83,0xB6,0xE8,0x84,0x9A,0xE8,0x89,0xBD,0xE8,0x8C,
    0xAD,0xE8,0x95,0x89,0xE8,0x9B,0x9F,0xE8,0xA7,0x92,0xE8,0xB7,0xA4,0xE8,0xBD,0xBF,
    0xE8,0xBE,0x83,0xE9,0x83,0x8A,0xE9,0x85,0xB5,0xE9,0x86,0xAE,0xE9,0x93,0xB0,0xE9,
    0xA5,0xBA,0xE9,0xAA,0x84,0xE9,0xB2,0x9B,0xE9,0xB9,0xAA,0x00,0x6A,0x69,0x65,0x00,
    0xE4,0xBB,0x8B,0xE5,0x80,0x9F,0xE5,0x8A,0xAB,0xE5,0x8D,0xA9,0xE5,0x96,0x88,0xE5,
    0x97,0x9F,0xE5,0xA7,0x90,0xE5,0xA9,0x95,0xE5,0xAD,0x91,0xE5,0xB1,0x8A,0xE6,0x88,
    0x92,0xE6,0x88,0xAA,0xE6,0x8B,0xAE,0xE6,0x8D,0xB7,0xE6,0x8E,0xA5,0xE6,0x8F,0xAD,
    0xE6,0x9D,0xB0,0xE6,0xA1,0x80,0xE6,0xB4,0x81,0xE7,0x95,0x8C,0xE7,0x96,0x96,0xE7,
    0x96,0xA5,0xE7,0x9A,0x86,0xE7,0x9D,0xAB,0xE7,0xA2,0xA3,0xE7,0xA7,0xB8,0xE7,0xAB,
    0xAD,0xE7,0xBB,0x93,0xE7,0xBE,0xAF,0xE8,0x8A,0x82,0xE8,0x8A,0xA5,0xE8,0x9A,0xA7,
    0xE8,0xA1,0x97,0xE8,0xA7,0xA3,0xE8,0xAE,0xA6,0xE8,0xAF,0xAB,0xE9,0x98,0xB6,0xE9,
    0xA2,0x89,0xE9,0xAA,0xB1,0xE9,0xB2,0x92,0x00,0x6A,0x69,0x6E,0x00,0xE4,0xBB,0x85,
    0xE4,0xBB,0x8A,0xE5,0x8A,0xB2,0xE5,0x8D,0xBA,0xE5,0x99,0xA4,0xE5,0xA0,0x87,0xE5,
    0xA6,0x97,0xE5,0xB0,0xBD,0xE5,0xB7,0xBE,0xE5,0xBB,0x91,0xE6,0x96,0xA4,0xE6,0x99,
    0x8B,0xE6,0xA7,0xBF,0xE6,0xB4,0xA5,0xE6,0xB5,0xB8,0xE7,0x83,0xAC,0xE7,0x91,0xBE,
    0xE7,0x9F,0x9C,0xE7,0xA6,0x81,0xE7,0xAD,0x8B,0xE7,0xB4,0xA7,0xE7,0xBC,0x99,0xE8,
    0x8D,0xA9,0xE8,0xA1,0xBF,0xE8,0xA5,0x9F,0xE8,0xA7,0x90,0xE8,0xB0,0xA8,0xE8,0xB5,
    0x86,0xE8,0xBF,0x91,0xE8,0xBF,0x9B,0xE9,0x87,0x91,0xE9,0x92,0x85,0xE9,0x94,0xA6,
    0xE9,0x9D,0xB3,0xE9,0xA6,0x91,0x00,0x6A,0x69,0x6E,0x67,0x00,0xE4,0xBA,0x95,0xE4,
    0xBA,0xAC,0xE5,0x84,0x86,0xE5,0x85,0xA2,0xE5,0x87,0x80,0xE5,0x88,0xAD,0xE5,0xA2,
    0x83,0xE5,0xA9,0xA7,0xE5,0xBC,0xAA,0xE5,0xBE,0x84,0xE6,0x83,0x8A,0xE6,0x86,0xAC,
    0xE6,0x95,0xAC,0xE6,0x97,0x8C,0xE6,0x99,0xAF,0xE6,0x99,0xB6,0xE6,0xB3,0xBE,0xE7,
    0x8D,0x8D,0xE7,0x97,0x89,0xE7,0x9D,0x9B,0xE7,0xAB,0x9E,0xE7,0xAB,0x9F,0xE7,0xB2,
    0xB3,0xE7,0xB2,0xBE,0xE7,0xBB,0x8F,0xE8,0x82,0xBC,0xE8,0x83,0xAB,0xE8,0x85,0x88,
    0xE8,0x8C,0x8E,0xE8,0x8D,0x86,0xE8,0x8F,0x81,0xE8,0xAD,0xA6,0xE8,0xBF,0xB3,0xE9,
    0x95,0x9C,0xE9,0x98,0xB1,0xE9,0x9D,0x93,0xE9,0x9D,0x96,0xE9,0x9D,0x99,0xE9,0xA2,
    0x88,0xE9,0xB2,0xB8,0x00,0x6A,0x69,0x6F,0x6E,0x67,0x00,0xE5,0x86,0x82,0xE6,0x89,
    0x83,0xE7,0x82,0x85,0xE7,0x82,0xAF,0xE7,0xAA,0x98,0xE8,0xBF,0xA5,0x00,0x6A,0x69,
    0x75,0x00,0xE4,0xB9,0x85,0xE4,0xB9,0x9D,0xE5,0x83,0xA6,0xE5,0x8E,0xA9,0xE5,0x92,
    0x8E,0xE5,0x95,0xBE,0xE5,0xB0,0xB1,0xE6,0x8F,0xAA,0xE6,0x95,0x91,0xE6,0x97,0xA7,
    0xE6,0x9F,0xA9,0xE6,0xA1,0x95,0xE7,0x81,0xB8,0xE7,0x8E,0x96,0xE7,0x96,0x9A,0xE7,
    0xA9,0xB6,0xE7,0xBA,0xA0,0xE8,0x87,0xBC,0xE8,0x88,0x85,0xE8,0xB5,0xB3,0xE9,0x85,
    0x92,0xE9,0x98,0x84,0xE9,0x9F,0xAD,0xE9,0xAC,0x8F,0xE9,0xB8,0xA0,0xE9,0xB9,0xAB,
    0x00,0x6A,0x75,0x00,0xE4,0xB8,0xBE,0xE4,0xBF,0xB1,0xE5,0x80,0xA8,0xE5,0x85,0xB7,
    0xE5,0x89,0xA7,0xE5,0x8F,0xA5,0xE5,0x92,0x80,0xE5,0xB1,0x80,0xE5,0xB1,0x85,0xE5,
    0xB1,0xA6,0xE5,0xB7,0xA8,0xE6,0x83,0xA7,0xE6,0x8B,0x92,0xE6,0x8B,0x98,0xE6,0x8D,
    0xAE,0xE6,0x8E,0xAC,0xE6,0xA1,0x94,0xE6,0xA4,0x90,0xE6,0xA6,0x89,0xE6,0xA6,0x98,
    0xE6,0xA9,0x98,0xE6,0xB2,0xAE,0xE7,0x82,0xAC,0xE7,0x8A,0x8B,0xE7,0x8B,0x99,0xE7,
    0x90,0x9A,0xE7,0x96,0xBD,0xE7,0x9F,0xA9,0xE7,0xAA,0xAD,0xE8,0x81,0x9A,0xE8,0x8B,
    0xA3,0xE8,0x8B,0xB4,0xE8,0x8E,0x92,0xE8,0x8F,0x8A,0xE8,0x8F,0xB9,0xE8,0xA3,0xBE,
    0xE8,0xAE,0xB5,0xE8,0xB6,0x84,0xE8,0xB7,0x9D,0xE8,0xB8,0x9E,0xE8,0xB8,0xBD,0xE9,
    0x81,0xBD,0xE9,0x86,0xB5,0xE9,0x92,0x9C,0xE9,0x94,0x94,0xE9,0x94,0xAF,0xE9,0x9B,
    0x8E,0xE9,0x9E,0xA0,0xE9,0x9E,0xAB,0xE9,0xA3,0x93,0xE9,0xA9,0xB9,0xE9,0xBE,0x83,
    0x00,0x6A,0x75,0x61,0x6E,0x00,0xE5,0x80,0xA6,0xE5,0x8D,0xB7,0xE5,0xA8,0x9F,0xE6,
    0x8D,0x90,0xE6,0xA1,0x8A,0xE6,0xB6,0x93,0xE7,0x8B,0xB7,0xE7,0x9C,0xB7,0xE7,0xBB,
    0xA2,0xE8,0xA0,0xB2,0xE9,0x84,0x84,0xE9,0x94,0xA9,0xE9,0x95,0x8C,0xE9,0x9A,0xBD,
    0xE9,0xB9,0x83,0x00,0x6A,0x75,0x65,0x00,0xE5,0x80,0x94,0xE5,0x86,0xB3,0xE5,0x8A,
    0x82,0xE5,0x8E,0xA5,0xE5,0x99,0x98,0xE5,0x99,0xB1,0xE5,0x9A,0xBC,0xE5,0xAD,0x93,
    0xE5,0xB4,0x9B,0xE6,0x8A,0x89,0xE6,0x8E,0x98,0xE6,0x92,0x85,0xE6,0x94,0xAB,0xE6,
    0xA1,0xB7,0xE6,0xA9,0x9B,0xE7,0x88,0x9D,0xE7,0x88,0xB5,0xE7,0x8D,0x97,0xE7,0x8F,
    0x8F,0xE7,0x9F,0x8D,0xE7,0xBB,0x9D,0xE8,0x95,0xA8,0xE8,0xA7,0x89,0xE8,0xA7,0x96,
    0xE8,0xAF,0x80,0xE8,0xB0,0xB2,0xE8,0xB9,0xB6,0xE9,0x95,0xA2,0x00,0x6A,0x75,0x6E,
    0x00,0xE4,0xBF,0x8A,0xE5,0x86,0x9B,0xE5,0x90,0x9B,0xE5,0x9D,0x87,0xE5,0xB3,0xBB,
    0xE6,0x8D,0x83,0xE6,0xB5,0x9A,0xE7,0x9A,0xB2,0xE7,0xAB,0xA3,0xE8,0x8F,0x8C,0xE9,
    0x83,0xA1,0xE9,0x92,0xA7,0xE9,0xAA,0x8F,0xE9,0xBA,0x87,0x00,0x6B,0x61,0x00,0xE4,
    0xBD,0xA7,0xE5,0x8D,0xA1,0xE5,0x92,0x94,0xE5,0x92,0x96,0xE5,0x96,0x80,0xE8,0x83,
    0xA9,0x00,0x6B,0x61,0x69,0x00,0xE5,0x87,0xAF,0xE5,0x89,0x80,0xE5,0x9E,0xB2,0xE5,
    0xBC,0x80,0xE5,0xBF,0xBE,0xE6,0x81,0xBA,0xE6,0x85,0xA8,0xE6,0x8F,0xA9,0xE6,0xA5,
    0xB7,0xE8,0x92,0x88,0xE9,0x93,0xA0,0xE9,0x94,0x8E,0xE9,0x94,0xB4,0x00,0x6B,0x61,
    0x6E,0x00,0xE4,0xBE,0x83,0xE5,0x88,0x8A,0xE5,0x8B,0x98,0xE5,0x9D,0x8E,0xE5,0xA0,
    0xAA,0xE6,0x88,0xA1,0xE6,0xA7,0x9B,0xE7,0x9C,0x8B,0xE7,0x9E,0xB0,0xE7,0xA0,0x8D,
    0xE8,0x8E,0xB0,0xE9,0xBE,0x9B,0x00,0x6B,0x61,0x6E,0x67,0x00,0xE4,0xBA,0xA2,0xE4,
    0xBC,0x89,0xE5,0xBA,0xB7,0xE6,0x85,0xB7,0xE6,0x89,0x9B,0xE6,0x8A,0x97,0xE7,0x82,
    0x95,0xE7,0xB3,0xA0,0xE9,0x92,0xAA,0xE9,0x97,0xB6,0x00,0x6B,0x61,0x6F,0x00,0xE5,
    0xB0,0xBB,0xE6,0x8B,0xB7,0xE6,0xA0,0xB2,0xE7,0x83,0xA4,0xE7,0x8A,0x92,0xE8,0x80,
    0x83,0xE9,0x93,0x90,0xE9,0x9D,0xA0,0x00,0x6B,0x65,0x00,0xE5,0x85,0x8B,0xE5,0x88,
    0xBB,0xE5,0x8F,0xAF,0xE5,0x92,0xB3,0xE5,0x97,0x91,0xE5,0x9D,0xB7,0xE5,0xA3,0xB3,
    0xE5,0xAE,0xA2,0xE5,0xB2,0xA2,0xE6,0x81,0xAA,0xE6,0x9F,0xAF,0xE6,0xA3,0xB5,0xE6,
    0xB0,0xAA,0xE6,0xB8,0xB4,0xE6,0xBA,0x98,0xE7,0x8F,0x82,0xE7,0x96,0xB4,0xE7,0x9E,
    0x8C,0xE7,0xA3,0x95,0xE7,0xA7,0x91,0xE7,0xA8,0x9E,0xE7,0xAA,0xA0,0xE7,0xBC,0x82,
    0xE8,0x8B,0x9B,0xE8,0x9D,0x8C,0xE8,0xAF,0xBE,0xE8,0xBD,0xB2,0xE9,0x92,0xB6,0xE9,
    0x94,0x9E,0xE9,0xA2,0x8F,0xE9,0xA2,0x97,0xE9,0xAA,0x92,0xE9,0xAB,0x81,0x00,0x6B,
    0x65,0x6E,0x00,0xE5,0x95,0x83,0xE5,0x9E,0xA6,0xE6,0x81,0xB3,0xE8,0x82,0xAF,0xE8,
    0xA3,0x89,0xE9,0xBE,0x88,0x00,0x6B,0x65,0x6E,0x67,0x00,0xE5,0x90,0xAD,0xE5,0x9D,
    0x91,0xE9,0x93,0xBF,0x00,0x6B,0x6F,0x6E,0x67,0x00,0xE5,0x80,0xA5,0xE5,0xAD,0x94,
    0xE5,0xB4,0x86,0xE6,0x81,0x90,0xE6,0x8E,0xA7,0xE7,0xA9,0xBA,0xE7,0xAE,0x9C,0x00,
    0x6B,0x6F,0x75,0x00,0xE5,0x8F,0xA3,0xE5,0x8F,0xA9,0xE5,0xAF,0x87,0xE6,0x89,0xA3,
    0xE6,0x8A,0xA0,0xE7,0x9C,0x8D,0xE7,0xAD,0x98,0xE8,0x8A,0xA4,0xE8,0x94,0xBB,0x00,
    0x6B,0x75,0x00,0xE5,0x88,0xB3,0xE5,0x93,0xAD,0xE5,0x96,0xBE,0xE5,0xA0,0x80,0xE5,
    0xBA,0x93,0xE6,0x9E,0xAF,0xE7,0xAA,0x9F,0xE7,0xBB,0x94,0xE8,0x8B,0xA6,0xE8,0xA3,
    0xA4,0xE9,0x85,0xB7,0xE9,0xAA,0xB7,0x00,0x6B,0x75,0x61,0x00,0xE4,0xBE,0x89,0xE5,
    0x9E,0xAE,0xE5,0xA4,0xB8,0xE6,0x8C,0x8E,0xE8,0x83,0xAF,0xE8,0xB7,0xA8,0x00,0x6B,
    0x75,0x61,0x69,0x00,0xE4,0xBE,0xA9,0xE5,0x93,0x99,0xE5,0x9D,0x97,0xE5,0xBF,0xAB,
    0xE7,0x8B,0xAF,0xE7,0xAD,0xB7,0xE8,0x84,0x8D,0xE8,0x92,0xAF,0xE9,0x83,0x90,0x00,
    0x6B,0x75,0x61,0x6E,0x00,0xE5,0xAE,0xBD,0xE6,0xAC,0xBE,0xE9,0xAB,0x8B,0x00,0x6B,
    0x75,0x61,0x6E,0x67,0x00,0xE5,0x86,0xB5,0xE5,0x8C,0xA1,0xE5,0x93,0x90,0xE5,0x9C,
    0xB9,0xE5,0xA4,0xBC,0xE6,0x97,0xB7,0xE6,0xA1,0x86,0xE7,0x8B,0x82,0xE7,0x9C,0xB6,
    0xE7,0x9F,0xBF,0xE7,0xAD,0x90,0xE7,0xBA,0xA9,0xE8,0xAF,0x93,0xE8,0xAF,0xB3,0xE8,
    0xB4,0xB6,0xE9,0x82,0x9D,0x00,0x6B,0x75,0x69,0x00,0xE4,0xBA,0x8F,0xE5,0x8C,0xAE,
    0xE5,0x96,0x9F,0xE5,0x96,0xB9,0xE5,0xA4,0x94,0xE5,0xA5,0x8E,0xE5,0xB2,0xBF,0xE6,
    0x82,0x9D,0xE6,0x84,0xA6,0xE6,0x84,0xA7,0xE6,0x8F,0x86,0xE6,0x9A,0x8C,0xE6,0xBA,
    0x83,0xE7,0x9B,0x94,0xE7,0x9D,0xBD,0xE7,0xAA,0xA5,0xE7,0xAF,0x91,0xE8,0x81,0xA9,
    0xE8,0x91,0xB5,0xE8,0x92,0x89,0xE8,0x9D,0xB0,0xE8,0xB7,0xAC,0xE9,0x80,0xB5,0xE9,
    0x9A,0x97,0xE9,0xA6,0x88,0xE9,0xA6,0x97,0xE9,0xAD,0x81,0x00,0x6B,0x75,0x6E,0x00,
    0xE5,0x9B,0xB0,0xE5,0x9D,0xA4,0xE6,0x82,0x83,0xE6,0x8D,0x86,0xE6,0x98,0x86,0xE7,
    0x90,0xA8,0xE9,0x86,0x8C,0xE9,0x94,0x9F,0xE9,0x98,0x83,0xE9,0xAB,0xA1,0xE9,0xB2,
    0xB2,0x00,0x6B,0x75,0x6F,0x00,0xE5,0xBB,0x93,0xE6,0x89,0xA9,0xE6,0x8B,0xAC,0xE8,
    0x9B,0x9E,0xE9,0x98,0x94,0x00,0x6C,0x61,0x00,0xE5,0x89,0x8C,0xE5,0x95,0xA6,0xE5,
    0x96,0x87,0xE5,0x9E,0x83,0xE6,0x8B,0x89,0xE6,0x97,0xAF,0xE7,0x98,0x8C,0xE7,0xA0,
    0xAC,0xE8,0x85,0x8A,0xE8,0x9C,0xA1,0xE8,0xBE,0xA3,0xE9,0x82,0x8B,0x00,0x6C,0x61,
    0x69,0x00,0xE5,0xB4,0x83,0xE5,0xBE,0x95,0xE6,0x9D,0xA5,0xE6,0xB6,0x9E,0xE6,0xBF,
    0x91,0xE7,0x99,0x9E,0xE7,0x9D,0x90,0xE7,0xB1,0x81,0xE8,0x8E,0xB1,0xE8,0xB5,0x89,
    0xE8,0xB5,0x96,0xE9,0x93,0xBC,0x00,0x6C,0x61,0x6E,0x00,0xE5,0x85,0xB0,0xE5,0xA9,
    0xAA,0xE5,0xB2,0x9A,0xE6,0x87,0x92,0xE6,0x8B,0xA6,0xE6,0x8F,0xBD,0xE6,0x96,0x93,
    0xE6,0xA0,0x8F,0xE6,0xA6,0x84,0xE6,0xBB,0xA5,0xE6,0xBC,0xA4,0xE6,0xBE,0x9C,0xE7,
    0x83,0x82,0xE7,0xAF,0xAE,0xE7,0xBC,0x86,0xE7,0xBD,0xB1,0xE8,0x93,0x9D,0xE8,0xA4,
    0xB4,0xE8,0xA7,0x88,0xE8,0xB0,0xB0,0xE9,0x95,0xA7,0xE9,0x98,0x91,0x00,0x6C,0x61,
    0x6E,0x67,0x00,0xE5,0x95,0xB7,0xE5,0xBB,0x8A,0xE6,0x9C,0x97,0xE6,0xA6,0x94,0xE6,
    0xB5,0xAA,0xE7,0x8B,0xBC,0xE7,0x90,0x85,0xE7,0xA8,0x82,0xE8,0x8E,0xA8,0xE8,0x92,
    0x97,0xE8,0x9E,0x82,0xE9,0x83,0x8E,0xE9,0x94,0x92,0xE9,0x98,0x86,0x00,0x6C,0x61,
    0x6F,0x00,0xE4,0xBD,0xAC,0xE5,0x8A,0xB3,0xE5,0x94,0xA0,0xE5,0xA7,0xA5,0xE5,0xB4,
    0x82,0xE6,0x8D,0x9E,0xE6,0xA0,0xB3,0xE6,0xB6,0x9D,0xE6,0xBD,0xA6,0xE7,0x83,0x99,
    0xE7,0x89,0xA2,0xE7,0x97,0xA8,0xE8,0x80,0x81,0xE8,0x80,0xA2,0xE9,0x85,0xAA,0xE9,
    0x86,0xAA,0xE9,0x93,0x91,0xE9,0x93,0xB9,0x00,0x6C,0x65,0x00,0xE4,0xB9,0x90,0xE4,
    0xBA,0x86,0xE4,0xBB,0x82,0xE5,0x8F,0xBB,0xE6,0xB3,0x90,0xE8,0x82,0x8B,0xE9,0xB3,
    0x93,0x00,0x6C,0x65,0x69,0x00,0xE5,0x84,0xA1,0xE5,0x8B,0x92,0xE5,0x98,0x9E,0xE5,
    0x9E,0x92,0xE5,0xAB,0x98,0xE6,0x93,0x82,0xE6,0xAA,0x91,0xE6,0xB3,0xAA,0xE7,0xA3,
    0x8A,0xE7,0xB1,0xBB,0xE7,0xB4,0xAF,0xE7,0xBC,0xA7,0xE7,0xBE,0xB8,0xE8,0x80,0x92,
    0xE8,0x95,0xBE,0xE8,0xAF,0x94,0xE9,0x85,0xB9,0xE9,0x95,0xAD,0xE9,0x9B,0xB7,0x00,
    0x6C,0x65,0x6E,0x67,0x00,0xE5,0x86,0xB7,0xE5,0xA1,0x84,0xE6,0x84,0xA3,0xE6,0xA3,
    0xB1,0xE6,0xA5,0x9E,0x00,0x6C,0x69,0x00,0xE4,0xB8,0xBD,0xE4,0xBE,0x8B,0xE4,0xBF,
    0x90,0xE4,0xBF,0x9A,0xE4,0xBF,0xAA,0xE5,0x82,0x88,0xE5,0x88,0xA9,0xE5,0x8A,0x9B,
    0xE5,0x8A,0xB1,0xE5,0x8E,0x86,0xE5,0x8E,0x89,0xE5,0x8E,0x98,0xE5,0x90,0x8F,0xE5,
    0x91,0x96,0xE5,0x93,0xA9,0xE5,0x94,0xB3,0xE5,0x96,0xB1,0xE5,0x9D,0x9C,0xE5,0xA8,
    0x8C,0xE5,0xAB,0xA0,0xE6,0x88,0xBE,0xE6,0x9D,0x8E,0xE6,0x9E,0xA5,0xE6,0xA0,0x8E,
    0xE6,0xA0,0x97,0xE6,0xA2,0xA8,0xE6,0xB2,0xA5,0xE6,0xBA,0xA7,0xE6,0xBC,0x93,0xE6,
    0xBE,0xA7,0xE7,0x8A,0x81,0xE7,0x8B,0xB8,0xE7,0x8C,0x81,0xE7,0x90,0x86,0xE7,0x92,
    0x83,0xE7,0x96,0xA0,0xE7,0x96,0xAC,0xE7,0x97,0xA2,0xE7,0xA0,0xBA,0xE7,0xA0,0xBE,
    0xE7,0xA4,0xBC,0xE7,0xA6,0xBB,0xE7,0xAB,0x8B,0xE7,0xAC,0xA0,0xE7,0xAF,0xA5,0xE7,
    0xAF,0xB1,0xE7,0xB2,0x92,0xE7,0xB2,0x9D,0xE7,0xBC,0xA1,0xE7,0xBD,0xB9,0xE8,0x8B,
    0x88,0xE8,0x8D,0x94,0xE8,0x8E,0x85,0xE8,0x8E,0x89,0xE8,0x93,0xA0,0xE8,0x97,0x9C,
    0xE8,0x9B,0x8E,0xE8,0x9C,0x8A,0xE8,0xA0,0xA1,0xE8,0xA9,0x88,0xE8,0xB7,0x9E,0xE8,
    0xBD,0xB9,0xE9,0x80,0xA6,0xE9,0x83,0xA6,0xE9,0x86,0xB4,0xE9,0x87,0x8C,0xE9,0x94,
    0x82,0xE9,0x9A,0xB6,0xE9,0x9B,0xB3,0xE9,0xAA,0x8A,0xE9,0xB2,0xA1,0xE9,0xB2,0xA4,
    0xE9,0xB3,0xA2,0xE9,0xB9,0x82,0xE9,0xBB,0x8E,0xE9,0xBB,0xA7,0x00,0x6C,0x69,0x61,
    0x00,0xE4,0xBF,0xA9,0x00,0x6C,0x69,0x61,0x6E,0x00,0xE5,0xA5,0x81,0xE5,0xB8,0x98,
    0xE5,0xBB,0x89,0xE6,0x80,0x9C,0xE6,0x81,0x8B,0xE6,0x95,0x9B,0xE6,0xA5,0x9D,0xE6,
    0xAE,0x93,0xE6,0xB6,0x9F,0xE6,0xBD,0x8B,0xE6,0xBF,0x82,0xE7,0x82,0xBC,0xE7,0x90,
    0x8F,0xE7,0xBB,0x83,0xE8,0x81,0x94,0xE8,0x84,0xB8,0xE8,0x87,0x81,0xE8,0x8E,0xB2,
    0xE8,0x94,0xB9,0xE8,0xA0,0x8A,0xE8,0xA3,0xA2,0xE8,0xA3,0xA3,0xE8,0xBF,0x9E,0xE9,
    0x93,0xBE,0xE9,0x95,0xB0,0xE9,0xB2,0xA2,0x00,0x6C,0x69,0x61,0x6E,0x67,0x00,0xE4,
    0xB8,0xA4,0xE4,0xBA,0xAE,0xE5,0x87,0x89,0xE5,0xA2,0x9A,0xE6,0x99,0xBE,0xE6,0xA2,
    0x81,0xE6,0xA4,0x8B,0xE7,0xB2,0xAE,0xE7,0xB2,0xB1,0xE8,0x89,0xAF,0xE8,0xB0,0x85,
    0xE8,0xB8,0x89,0xE8,0xBE,0x86,0xE9,0x87,0x8F,0xE9,0xAD,0x89,0x00,0x6C,0x69,0x61,
    0x6F,0x00,0xE5,0x83,0x9A,0xE5,0x98,0xB9,0xE5,0xAF,0xA5,0xE5,0xAF,0xAE,0xE5,0xB0,
    0xA5,0xE5,0xBB,0x96,0xE6,0x92,0x82,0xE6,0x92,0xA9,0xE6,0x96,0x99,0xE7,0x87,0x8E,
    0xE7,0x8D,0xA0,0xE7,0x96,0x97,0xE7,0xBC,0xAD,0xE8,0x81,0x8A,0xE8,0x93,0xBC,0xE8,
    0xBE,0xBD,0xE9,0x92,0x8C,0xE9,0x95,0xA3,0xE9,0xB9,0xA9,0x00,0x6C,0x69,0x65,0x00,
    0xE5,0x86,0xBD,0xE5,0x88,0x97,0xE5,0x8A,0xA3,0xE5,0x92,0xA7,0xE5,0x9F,0x92,0xE6,
    0x8D,0xA9,0xE6,0xB4,0x8C,0xE7,0x83,0x88,0xE7,0x8C,0x8E,0xE8,0xA3,0x82,0xE8,0xB6,
    0x94,0xE8,0xBA,0x90,0xE9,0xAC,0xA3,0x00,0x6C,0x69,0x6E,0x00,0xE4,0xB8,0xB4,0xE5,
    0x87,0x9B,0xE5,0x90,0x9D,0xE5,0x95,0x89,0xE5,0xB6,0x99,0xE5,0xBB,0xAA,0xE6,0x87,
    0x94,0xE6,0x8B,0x8E,0xE6,0x9E,0x97,0xE6,0xAA,0xA9,0xE6,0xB7,0x8B,0xE7,0x90,0xB3,
    0xE7,0x9E,0xB5,0xE7,0xA3,0xB7,0xE7,0xB2,0xBC,0xE8,0x86,0xA6,0xE8,0x94,0xBA,0xE8,
    0xB5,0x81,0xE8,0xBA,0x8F,0xE8,0xBE,0x9A,0xE9,0x81,0xB4,0xE9,0x82,0xBB,0xE9,0x9C,
    0x96,0xE9,0xB3,0x9E,0xE9,0xBA,0x9F,0x00,0x6C,0x69,0x6E,0x67,0x00,0xE4,0xBB,0xA4,
    0xE4,0xBC,0xB6,0xE5,0x87,0x8C,0xE5,0x8F,0xA6,0xE5,0x91,0xA4,0xE5,0x9B,0xB9,0xE5,
    0xB2,0xAD,0xE6,0x9F,0x83,0xE6,0xA3,0x82,0xE6,0xB3,0xA0,0xE7,0x81,0xB5,0xE7,0x8E,
    0xB2,0xE7,0x93,0xB4,0xE7,0xBB,0xAB,0xE7,0xBE,0x9A,0xE7,0xBF,0x8E,0xE8,0x81,0x86,
    0xE8,0x8B,0x93,0xE8,0x8F,0xB1,0xE8,0x9B,0x89,0xE9,0x85,0x83,0xE9,0x93,0x83,0xE9,
    0x99,0xB5,0xE9,0x9B,0xB6,0xE9,0xA2,0x86,0xE9,0xB2,0xAE,0xE9,0xBE,0x84,0x00,0x6C,
    0x69,0x75,0x00,0xE5,0x85,0xAD,0xE5,0x88,0x98,0xE6,0x97,0x92,0xE6,0x9F,0xB3,0xE6,
    0xA6,0xB4,0xE6,0xB5,0x81,0xE6,0xB5,0x8F,0xE6,0xBA,0x9C,0xE7,0x86,0x98,0xE7,0x90,
    0x89,0xE7,0x95,0x99,0xE7,0x98,0xA4,0xE7,0xA1,0xAB,0xE7,0xBB,0xBA,0xE9,0x81,0x9B,
    0xE9,0x8E,0x8F,0xE9,0x94,0x8D,0xE9,0x95,0x8F,0xE9,0xA6,0x8F,0xE9,0xAA,0x9D,0xE9,
    0xB9,0xA8,0x00,0x6C,0x6F,0x6E,0x67,0x00,0xE5,0x92,0x99,0xE5,0x9E,0x84,0xE5,0x9E,
    0x85,0xE6,0x8B,0xA2,0xE6,0xA0,0x8A,0xE6,0xB3,0xB7,0xE7,0x8F,0x91,0xE7,0x99,0x83,
    0xE7,0xA0,0xBB,0xE7,0xAA,0xBF,0xE7,0xAC,0xBC,0xE8,0x81,0x8B,0xE8,0x83,0xA7,0xE8,
    0x8C,0x8F,0xE9,0x99,0x87,0xE9,0x9A,0x86,0xE9,0xBE,0x99,0x00,0x6C,0x6F,0x75,0x00,
    0xE5,0x81,0xBB,0xE5,0x96,0xBD,0xE5,0xA8,0x84,0xE5,0xB5,0x9D,0xE6,0x90,0x82,0xE6,
    0xA5,0xBC,0xE6,0xBC,0x8F,0xE7,0x98,0x98,0xE7,0xAF,0x93,0xE8,0x80,0xA7,0xE8,0x92,
    0x8C,0xE8,0x9D,0xBC,0xE9,0x95,0x82,0xE9,0x99,0x8B,0xE9,0xAB,0x85,0x00,0x6C,0x75,
    0x00,0xE5,0x8D,0xA2,0xE5,0x8D,0xA4,0xE5,0x99,0x9C,0xE5,0x9E,0x86,0xE5,0xBA,0x90,
    0xE5,0xBD,0x95,0xE6,0x88,0xAE,0xE6,0x8E,0xB3,0xE6,0x92,0xB8,0xE6,0xA0,0x8C,0xE6,
    0xA9,0xB9,0xE6,0xB0,0x87,0xE6,0xB3,0xB8,0xE6,0xB8,0x8C,0xE6,0xBC,0x89,0xE6,0xBD,
    0x9E,0xE7,0x82,0x89,0xE7,0x92,0x90,0xE7,0xA2,0x8C,0xE7,0xA6,0x84,0xE7,0xB0,0x8F,
    0xE8,0x83,0xAA,0xE8,0x88,0xBB,0xE8,0x8A,0xA6,0xE8,0x99,0x8F,0xE8,0xB5,0x82,0xE8,
    0xB7,0xAF,0xE8,0xBD,0xB3,0xE8,0xBE,0x82,0xE8,0xBE,0x98,0xE9,0x80,0xAF,0xE9,0x95,
    0xA5,0xE9,0x99,0x86,0xE9,0x9C,0xB2,0xE9,0xA2,0x85,0xE9,0xB2,0x81,0xE9,0xB2,0x88,
    0xE9,0xB8,0xAC,0xE9,0xB9,0xAD,0xE9,0xB9,0xBF,0xE9,0xBA,0x93,0x00,0x6C,0x75,0x61,
    0x6E,0x00,0xE4,0xB9,0xB1,0xE5,0x8D,0xB5,0xE5,0xA8,0x88,0xE5,0xAD,0xAA,0xE5,0xB3,
    0xA6,0xE6,0x8C,0x9B,0xE6,0xA0,0xBE,0xE6,0xBB,0xA6,0xE8,0x84,0x94,0xE9,0x8A,0xAE,
    0xE9,0xB8,0xBE,0x00,0x6C,0x75,0x6E,0x00,0xE4,0xBB,0x91,0xE4,0xBC,0xA6,0xE5,0x9B,
    0xB5,0xE6,0x8A,0xA1,0xE6,0xB2,0xA6,0xE7,0xBA,0xB6,0xE8,0xAE,0xBA,0xE8,0xBD,0xAE,
    0x00,0x6C,0x75,0x6F,0x00,0xE5,0x80,0xAE,0xE6,0x91,0x9E,0xE6,0xA4,0xA4,0xE6,0xB3,
    0xBA,0xE6,0xB4,0x9B,0xE6,0xBC,0xAF,0xE7,0x8C,0xA1,0xE7,0x8F,0x9E,0xE7,0x98,0xB0,
    0xE7,0xAE,0xA9,0xE7,0xBB,0x9C,0xE7,0xBD,0x97,0xE8,0x84,0xB6,0xE8,0x8D,0xA6,0xE8,
    0x90,0x9D,0xE8,0x90,0xBD,0xE8,0x9E,0xBA,0xE8,0xA0,0x83,0xE8,0xA3,0xB8,0xE9,0x80,
    0xBB,0xE9,0x94,0xA3,0xE9,0x95,0x99,0xE9,0x9B,0x92,0xE9,0xAA,0x86,0xE9,0xAA,0xA1,
    0x00,0x6C,0x76,0x00,0xE4,0xBE,0xA3,0xE5,0x90,0x95,0xE5,0xB1,0xA1,0xE5,0xB1,0xA5,
    0xE5,0xBE,0x8B,0xE6,0x8D,0x8B,0xE6,0x97,0x85,0xE6,0xA6,0x88,0xE6,0xB0,0xAF,0xE6,
    0xBB,0xA4,0xE7,0x8E,0x87,0xE7,0xA8,0x86,0xE7,0xBB,0xBF,0xE7,0xBC,0x95,0xE8,0x86,
    0x82,0xE8,0x99,0x91,0xE8,0xA4,0x9B,0xE9,0x93,0x9D,0xE9,0x97,0xBE,0xE9,0xA9,0xB4,
    0x00,0x6C,0x76,0x65,0x00,0xE6,0x8E,0xA0,0xE7,0x95,0xA5,0xE9,0x94,0x8A,0x00,0x6D,
    0x61,0x00,0xE5,0x90,0x97,0xE5,0x94,0x9B,0xE5,0x98,0x9B,0xE5,0xA6,0x88,0xE5,0xAC,
    0xB7,0xE6,0x9D,0xA9,0xE7,0x8A,0xB8,0xE7,0x8E,0x9B,0xE7,0xA0,0x81,0xE8,0x9A,0x82,
    0xE8,0x9F,0x86,0xE9,0xA9,0xAC,0xE9,0xAA,0x82,0xE9,0xBA,0xBB,0x00,0x6D,0x61,0x69,
    0x00,0xE4,0xB9,0xB0,0xE5,0x8A,0xA2,0xE5,0x8D,0x96,0xE5,0x9F,0x8B,0xE8,0x84,0x89,
    0xE8,0x8D,0xAC,0xE8,0xBF,0x88,0xE9,0x9C,0xBE,0xE9,0xBA,0xA6,0x00,0x6D,0x61,0x6E,
    0x00,0xE5,0xA2,0x81,0xE5,0xB9,0x94,0xE6,0x85,0xA2,0xE6,0x9B,0xBC,0xE6,0xBB,0xA1,
    0xE6,0xBC,0xAB,0xE7,0x86,0xB3,0xE7,0x9E,0x92,0xE7,0xBC,0xA6,0xE8,0x94,0x93,0xE8,
    0x9B,0xAE,0xE8,0x9E,0xA8,0xE8,0xB0,0xA9,0xE9,0x95,0x98,0xE9,0x9E,0x94,0xE9,0xA2,
    0x9F,0xE9,0xA6,0x92,0xE9,0xB3,0x97,0x00,0x6D,0x61,0x6E,0x67,0x00,0xE5,0xBF,0x99,
    0xE6,0xB0,0x93,0xE6,0xBC,0xAD,0xE7,0x9B,0xB2,0xE7,0xA1,0xAD,0xE8,0x8A,0x92,0xE8,
    0x8C,0xAB,0xE8,0x8E,0xBD,0xE8,0x9F,0x92,0xE9,0x82,0x99,0x00,0x6D,0x61,0x6F,0x00,
    0xE5,0x86,0x92,0xE5,0x8D,0xAF,0xE5,0xB3,0x81,0xE5,0xB8,0xBD,0xE6,0x87,0x8B,0xE6,
    0x97,0x84,0xE6,0x98,0xB4,0xE6,0xAF,0x9B,0xE6,0xB3,0x96,0xE7,0x89,0xA6,0xE7,0x8C,
    0xAB,0xE7,0x91,0x81,0xE7,0x9E,0x80,0xE7,0x9F,0x9B,0xE8,0x80,0x84,0xE8,0x8C,0x82,
    0xE8,0x8C,0x85,0xE8,0x8C,0x86,0xE8,0x9D,0xA5,0xE8,0x9F,0x8A,0xE8,0xA2,0xA4,0xE8,
    0xB2,0x8C,0xE8,0xB4,0xB8,0xE9,0x93,0x86,0xE9,0x94,0x9A,0xE9,0xAB,0xA6,0x00,0x6D,
    0x65,0x00,0xE4,0xB9,0x88,0x00,0x6D,0x65,0x69,0x00,0xE5,0xA6,0xB9,0xE5,0xAA,0x92,
    0xE5,0xAA,0x9A,0xE5,0xAF,0x90,0xE5,0xB5,0x8B,0xE6,0x98,0xA7,0xE6,0x9E,0x9A,0xE6,
    0xA2,0x85,0xE6,0xA5,0xA3,0xE6,0xAF,0x8F,0xE6,0xB2,0xA1,0xE6,0xB5,0xBC,0xE6,0xB9,
    0x84,0xE7,0x85,0xA4,0xE7,0x8C,0xB8,0xE7,0x8E,0xAB,0xE7,0x9C,0x89,0xE7,0xBE,0x8E,
    0xE8,0x8E,0x93,0xE8,0xA2,0x82,0xE9,0x85,0xB6,0xE9,0x95,0x81,0xE9,0x95,0x85,0xE9,
    0x9C,0x89,0xE9,0xAD,0x85,0xE9,0xB9,0x9B,0x00,0x6D,0x65,0x6E,0x00,0xE4,0xBB,0xAC,
    0xE6,0x87,0x91,0xE6,0x89,0xAA,0xE7,0x84,0x96,0xE9,0x92,0x94,0xE9,0x97,0xA8,0xE9,
    0x97,0xB7,0x00,0x6D,0x65,0x6E,0x67,0x00,0xE5,0x8B,0x90,0xE5,0xAD,0x9F,0xE6,0x87,
    0xB5,0xE6,0x9C,0xA6,0xE6,0xA2,0xA6,0xE6,0xAA,0xAC,0xE7,0x8C,0x9B,0xE7,0x94,0x8D,
    0xE7,0x9B,0x9F,0xE7,0x9E,0xA2,0xE7,0xA4,0x9E,0xE8,0x89,0x8B,0xE8,0x89,0xA8,0xE8,
    0x90,0x8C,0xE8,0x92,0x99,0xE8,0x99,0xBB,0xE8,0x9C,0xA2,0xE8,0xA0,0x93,0xE9,0x94,
    0xB0,0x00,0x6D,0x69,0x00,0xE5,0x86,0x96,0xE5,0x92,0xAA,0xE5,0x98,0xA7,0xE5,0xAE,
    0x93,0xE5,0xAF,0x86,0xE5,0xB9,0x82,0xE5,0xBC,0xA5,0xE5,0xBC,0xAD,0xE6,0x95,0x89,
    0xE6,0xB1,0xA8,0xE6,0xB3,0x8C,0xE7,0x8C,0x95,0xE7,0x9C,0xAF,0xE7,0xA5,0xA2,0xE7,
    0xA7,0x98,0xE7,0xB1,0xB3,0xE7,0xB3,0x9C,0xE7,0xB3,0xB8,0xE7,0xB8,0xBB,0xE8,0x84,
    0x92,0xE8,0x8A,0x88,0xE8,0x98,0xBC,0xE8,0x9C,0x9C,0xE8,0xA7,0x85,0xE8,0xB0,0x9C,
    0xE8,0xB0,0xA7,0xE8,0xBF,0xB7,0xE9,0x86,0x9A,0xE9,0x9D,0xA1,0xE9,0xBA,0x8B,0x00,
    0x6D,0x69,0x61,0x6E,0x00,0xE5,0x85,0x8D,0xE5,0x86,0x95,0xE5,0x8B,0x89,0xE5,0xA8,
    0xA9,0xE5,0xAE,0x80,0xE6,0xA3,0x89,0xE6,0xB2,0x94,0xE6,0xB8,0x91,0xE6,0xB9,0x8E,
    0xE7,0x9C,0x84,0xE7,0x9C,0xA0,0xE7,0xBB,0xB5,0xE7,0xBC,0x85,0xE8,0x85,0xBC,0xE9,
    0x9D,0xA2,0x00,0x6D,0x69,0x61,0x6F,0x00,0xE5,0x96,0xB5,0xE5,0xA6,0x99,0xE5,0xBA,
    0x99,0xE6,0x8F,0x8F,0xE6,0x9D,0xAA,0xE6,0xB7,0xBC,0xE6,0xB8,0xBA,0xE7,0x9C,0x87,
    0xE7,0x9E,0x84,0xE7,0xA7,0x92,0xE7,0xBC,0x88,0xE8,0x8B,0x97,0xE8,0x97,0x90,0xE9,
    0x82,0x88,0xE9,0xB9,0x8B,0x00,0x6D,0x69,0x65,0x00,0xE4,0xB9,0x9C,0xE5,0x92,0xA9,
    0xE7,0x81,0xAD,0xE7,0xAF,0xBE,0xE8,0x94,0x91,0xE8,0xA0,0x9B,0x00,0x6D,0x69,0x6E,
    0x00,0xE5,0xB2,0xB7,0xE6,0x82,0xAF,0xE6,0x84,0x8D,0xE6,0x8A,0xBF,0xE6,0x95,0x8F,
    0xE6,0xB0,0x91,0xE6,0xB3,0xAF,0xE7,0x8F,0x89,0xE7,0x9A,0xBF,0xE7,0xBC,0x97,0xE8,
    0x8B,0xA0,0xE9,0x97,0xB5,0xE9,0x97,0xBD,0xE9,0xB3,0x98,0xE9,0xBB,0xBE,0x00,0x6D,
    0x69,0x6E,0x67,0x00,0xE5,0x86,0xA5,0xE5,0x90,0x8D,0xE5,0x91,0xBD,0xE6,0x98,0x8E,
    0xE6,0x9A,0x9D,0xE6,0xBA,0x9F,0xE7,0x9E,0x91,0xE8,0x8C,0x97,0xE8,0x9E,0x9F,0xE9,
    0x85,0xA9,0xE9,0x93,0xAD,0xE9,0xB8,0xA3,0x00,0x6D,0x69,0x75,0x00,0xE8,0xB0,0xAC,
    0x00,0x6D,0x6F,0x00,0xE5,0xA2,0xA8,0xE5,0xAB,0xAB,0xE5,0xAF,0x9E,0xE6,0x8A,0xB9,
    0xE6,0x91,0xA9,0xE6,0x91,0xB8,0xE6,0x91,0xB9,0xE6,0x9C,0xAB,0xE6,0xA8,0xA1,0xE6,
    0xAE,0x81,0xE6,0xB2,0xAB,0xE6,0xBC,0xA0,0xE7,0x98,0xBC,0xE7,0xA3,0xA8,0xE7,0xA7,
    0xA3,0xE8,0x80,0xB1,0xE8,0x86,0x9C,0xE8,0x8C,0x89,0xE8,0x8E,0xAB,0xE8,0x93,0xA6,
    0xE8,0x98,0x91,0xE8,0xB0,0x9F,0xE8,0xB2,0x8A,0xE8,0xB2,0x98,0xE9,0x95,0x86,0xE9,
    0x99,0x8C,0xE9,0xA6,0x8D,0xE9,0xAD,0x94,0xE9,0xBA,0xBD,0xE9,0xBB,0x98,0x00,0x6D,
    0x6F,0x75,0x00,0xE4,0xBE,0x94,0xE5,0x93,0x9E,0xE6,0x9F,0x90,0xE7,0x89,0x9F,0xE7,
    0x9C,0xB8,0xE7,0xBC,0xAA,0xE8,0x9B,0x91,0xE8,0xB0,0x8B,0xE9,0x8D,0xAA,0x00,0x6D,
    0x75,0x00,0xE4,0xBA,0xA9,0xE4,0xBB,0xAB,0xE5,0x8B,0x9F,0xE5,0x9D,0xB6,0xE5,0xA2,
    0x93,0xE5,0xA7,0x86,0xE5,0xB9,0x95,0xE6,0x85,0x95,0xE6,0x8B,0x87,0xE6,0x9A,0xAE,
    0xE6,0x9C,0xA8,0xE6,0xAF,0x8D,0xE6,0xAF,0xAA,0xE6,0xB2,0x90,0xE7,0x89,0xA1,0xE7,
    0x89,0xA7,0xE7,0x9B,0xAE,0xE7,0x9D,0xA6,0xE7,0xA9,0x86,0xE8,0x8B,0x9C,0xE9,0x92,
    0xBC,0x00,0x6E,0x00,0xE5,0x97,0xAF,0x00,0x6E,0x61,0x00,0xE5,0x91,0x90,0xE5,0x93,
    0xAA,0xE5,0xA8,0x9C,0xE6,0x8B,0xBF,0xE6,0x8D,0xBA,0xE7,0xBA,0xB3,0xE8,0x82,0xAD,
    0xE8,0xA1,0xB2,0xE9,0x82,0xA3,0xE9,0x92,0xA0,0xE9,0x95,0x8E,0x00,0x6E,0x61,0x69,
    0x00,0xE4,0xB9,0x83,0xE5,0xA5,0x88,0xE5,0xA5,0xB6,0xE6,0x9F,0xB0,0xE6,0xB0,0x96,
    0xE8,0x80,0x90,0xE8,0x89,0xBF,0xE8,0x90,0x98,0xE9,0xBC,0x90,0x00,0x6E,0x61,0x6E,
    0x00,0xE5,0x8D,0x97,0xE5,0x96,0x83,0xE5,0x9B,0xA1,0xE6,0xA5,0xA0,0xE7,0x94,0xB7,
    0xE8,0x85,0xA9,0xE8,0x9D,0xBB,0xE8,0xB5,0xA7,0xE9,0x9A,0xBE,0x00,0x6E,0x61,0x6E,
    0x67,0x00,0xE5,0x9B,0x8A,0xE5,0x9B,0x94,0xE6,0x94,0xAE,0xE6,0x9B,0xA9,0xE9,0xA6,
    0x95,0x00,0x6E,0x61,0x6F,0x00,0xE5,0x91,0xB6,0xE5,0x9E,0xB4,0xE5,0xAD,0xAC,0xE6,
    0x81,0xBC,0xE6,0x8C,0xA0,0xE6,0xB7,0x96,0xE7,0x8C,0xB1,0xE7,0x91,0x99,0xE7,0xA1,
    0x87,0xE8,0x84,0x91,0xE8,0x9B,0xB2,0xE9,0x93,0x99,0xE9,0x97,0xB9,0x00,0x6E,0x65,
    0x00,0xE5,0x91,0xA2,0xE7,0x96,0x92,0xE8,0xAE,0xB7,0x00,0x6E,0x65,0x69,0x00,0xE5,
    0x86,0x85,0xE9,0xA6,0x81,0x00,0x6E,0x65,0x6E,0x00,0xE5,0xAB,0xA9,0xE6,0x81,0x81,
    0x00,0x6E,0x65,0x6E,0x67,0x00,0xE8,0x83,0xBD,0x00,0x6E,0x69,0x00,0xE4,0xBC,0xB2,
    0xE4,0xBD,0xA0,0xE5,0x80,0xAA,0xE5,0x8C,0xBF,0xE5,0x9D,0xAD,0xE5,0xA6,0xAE,0xE5,
    0xB0,0xBC,0xE6,0x80,0xA9,0xE6,0x8B,0x9F,0xE6,0x97,0x8E,0xE6,0x98,0xB5,0xE6,0xB3,
    0xA5,0xE6,0xBA,0xBA,0xE7,0x8C,0x8A,0xE7,0x9D,0xA8,0xE8,0x85,0xBB,0xE9,0x80,0x86,
    0xE9,0x93,0x8C,0xE9,0x9C,0x93,0xE9,0xB2,0xB5,0x00,0x6E,0x69,0x61,0x6E,0x00,0xE5,
    0x9F,0x9D,0xE5,0xB9,0xB4,0xE5,0xBB,0xBF,0xE5,0xBF,0xB5,0xE6,0x8B,0x88,0xE6,0x8D,
    0xBB,0xE6,0x92,0xB5,0xE7,0xA2,0xBE,0xE8,0x94,0xAB,0xE8,0xBE,0x87,0xE8,0xBE,0x97,
    0xE9,0xB2,0x87,0xE9,0xB2,0xB6,0xE9,0xBB,0x8F,0x00,0x6E,0x69,0x61,0x6E,0x67,0x00,
    0xE5,0xA8,0x98,0xE9,0x85,0xBF,0x00,0x6E,0x69,0x61,0x6F,0x00,0xE5,0xAC,0xB2,0xE5,
    0xB0,0xBF,0xE8,0x84,0xB2,0xE8,0x8C,0x91,0xE8,0xA2,0x85,0xE9,0xB8,0x9F,0x00,0x6E,
    0x69,0x65,0x00,0xE5,0x95,0xAE,0xE5,0x97,0xAB,0xE5,0xAD,0xBD,0xE6,0x8D,0x8F,0xE6,
    0xB6,0x85,0xE8,0x81,0x82,0xE8,0x87,0xAC,0xE8,0x98,0x96,0xE8,0xB9,0x91,0xE9,0x95,
    0x8A,0xE9,0x95,0x8D,0xE9,0x99,0xA7,0xE9,0xA2,0x9E,0x00,0x6E,0x69,0x6E,0x00,0xE6,
    0x82,0xA8,0x00,0x6E,0x69,0x6E,0x67,0x00,0xE4,0xBD,0x9E,0xE5,0x87,0x9D,0xE5,0x92,
    0x9B,0xE5,0xAE,0x81,0xE6,0x8B,0xA7,0xE6,0x9F,0xA0,0xE6,0xB3,0x9E,0xE7,0x8B,0x9E,
    0xE7,0x94,0xAF,0xE8,0x81,0x8D,0x00,0x6E,0x69,0x75,0x00,0xE5,0xA6,0x9E,0xE5,0xBF,
    0xB8,0xE6,0x89,0xAD,0xE7,0x89,0x9B,0xE7,0x8B,0x83,0xE7,0xBA,0xBD,0xE9,0x92,0xAE,
    0x00,0x6E,0x6F,0x6E,0x67,0x00,0xE4,0xBE,0xAC,0xE5,0x86,0x9C,0xE5,0x93,0x9D,0xE5,
    0xBC,0x84,0xE6,0xB5,0x93,0xE8,0x84,0x93,0x00,0x6E,0x6F,0x75,0x00,0xE8,0x80,0xA8,
    0x00,0x6E,0x75,0x00,0xE5,0x8A,0xAA,0xE5,0xA5,0xB4,0xE5,0xAD,0xA5,0xE5,0xBC,0xA9,
    0xE6,0x80,0x92,0xE8,0x83,0xAC,0xE9,0xA9,0xBD,0x00,0x6E,0x75,0x61,0x6E,0x00,0xE6,
    0x9A,0x96,0x00,0x6E,0x75,0x6F,0x00,0xE5,0x82,0xA9,0xE5,0x96,0x8F,0xE6,0x87,0xA6,
    0xE6,0x8C,0xAA,0xE6,0x90,0xA6,0xE7,0xB3,0xAF,0xE8,0xAF,0xBA,0xE9,0x94,0x98,0x00,
    0x6E,0x76,0x00,0xE5,0xA5,0xB3,0xE6,0x81,0xA7,0xE8,0xA1,0x84,0xE9,0x92,0x95,0x00,
    0x6E,0x76,0x65,0x00,0xE7,0x96,0x9F,0xE8,0x99,0x90,0x00,0x6F,0x00,0xE5,0x93,0xA6,
    0xE5,0x96,0x94,0xE5,0x99,0xA2,0x00,0x6F,0x75,0x00,0xE5,0x81,0xB6,0xE5,0x91,0x95,
    0xE6,0x80,0x84,0xE6,0xAC,0xA7,0xE6,0xAE,0xB4,0xE6,0xB2,0xA4,0xE7,0x93,0xAF,0xE8,
    0x80,0xA6,0xE8,0x97,0x95,0xE8,0xAE,0xB4,0xE9,0xB8,0xA5,0x00,0x70,0x61,0x00,0xE5,
    0x95,0xAA,0xE5,0xB8,0x95,0xE6,0x80,0x95,0xE6,0x9D,0xB7,0xE7,0x88,0xAC,0xE7,0x90,
    0xB6,0xE7,0xAD,0xA2,0xE8,0x91,0xA9,0xE8,0xB6,0xB4,0x00,0x70,0x61,0x69,0x00,0xE4,
    0xBF,0xB3,0xE5,0x93,0x8C,0xE5,0xBE,0x98,0xE6,0x8B,0x8D,0xE6,0x8E,0x92,0xE6,0xB4,
    0xBE,0xE6,0xB9,0x83,0xE7,0x89,0x8C,0xE8,0x92,0x8E,0x00,0x70,0x61,0x6E,0x00,0xE5,
    0x88,0xA4,0xE5,0x8F,0x9B,0xE6,0x8B,0x9A,0xE6,0x94,0x80,0xE6,0xB3,0xAE,0xE6,0xBD,
    0x98,0xE7,0x88,0xBF,0xE7,0x95,0x94,0xE7,0x9B,0x98,0xE7,0x9B,0xBC,0xE7,0xA3,0x90,
    0xE8,0x9F,0xA0,0xE8,0xA2,0xA2,0xE8,0xA5,0xBB,0xE8,0xB9,0x92,0x00,0x70,0x61,0x6E,
    0x67,0x00,0xE4,0xB9,0x93,0xE5,0xBA,0x9E,0xE5,0xBD,0xB7,0xE6,0x97,0x81,0xE6,0xBB,
    0x82,0xE8,0x80,0xAA,0xE8,0x83,0x96,0xE8,0x9E,0x83,0xE9,0x80,0x84,0x00,0x70,0x61,
    0x6F,0x00,0xE5,0x88,0xA8,0xE5,0x8C,0x8F,0xE5,0x92,0x86,0xE5,0xBA,0x96,0xE6,0x8A,
    0x9B,0xE6,0xB3,0xA1,0xE7,0x82,0xAE,0xE7,0x8B,0x8D,0xE7,0x96,0xB1,0xE8,0x84,0xAC,
    0xE8,0xA2,0x8D,0xE8,0xB7,0x91,0x00,0x70,0x65,0x69,0x00,0xE4,0xBD,0xA9,0xE5,0x91,
    0xB8,0xE5,0x9F,0xB9,0xE5,0xB8,0x94,0xE6,0x97,0x86,0xE6,0xB2,0x9B,0xE8,0x83,0x9A,
    0xE8,0xA3,0xB4,0xE8,0xB5,0x94,0xE8,0xBE,0x94,0xE9,0x85,0x8D,0xE9,0x86,0x85,0xE9,
    0x94,0xAB,0xE9,0x99,0xAA,0xE9,0x9C,0x88,0x00,0x70,0x65,0x6E,0x00,0xE5,0x96,0xB7,
    0xE6,0xB9,0x93,0xE7,0x9B,0x86,0x00,0x70,0x65,0x6E,0x67,0x00,0xE5,0x98,0xAD,0xE5,
    0xA0,0x8B,0xE5,0xBD,0xAD,0xE6,0x80,0xA6,0xE6,0x8A,0xA8,0xE6,0x8D,0xA7,0xE6,0x9C,
    0x8B,0xE6,0xA3,0x9A,0xE6,0xBE,0x8E,0xE7,0x83,0xB9,0xE7,0xA0,0xB0,0xE7,0xA1,0xBC,
    0xE7,0xA2,0xB0,0xE7,0xAF,0xB7,0xE8,0x86,0xA8,0xE8,0x93,0xAC,0xE8,0x9F,0x9B,0xE9,
    0xB9,0x8F,0x00,0x70,0x69,0x00,0xE4,0xB8,0x95,0xE4,0xBB,0xB3,0xE5,0x83,0xBB,0xE5,
    0x8A,0x88,0xE5,0x8C,0xB9,0xE5,0x95,0xA4,0xE5,0x99,0xBC,0xE5,0x9C,0xAE,0xE5,0x9D,
    0xAF,0xE5,0x9F,0xA4,0xE5,0xAA,0xB2,0xE5,0xB1,0x81,0xE5,0xBA,0x80,0xE6,0x89,0xB9,
    0xE6,0x8A,0xAB,0xE6,0x93,0x97,0xE6,0x9E,0x87,0xE6,0xAF,0x97,0xE6,0xB7,0xA0,0xE7,
    0x90,0xB5,0xE7,0x94,0x93,0xE7,0x96,0x8B,0xE7,0x96,0xB2,0xE7,0x97,0x9E,0xE7,0x99,
    0x96,0xE7,0x9A,0xAE,0xE7,0x9D,0xA5,0xE7,0xA0,0x92,0xE7,0xBA,0xB0,0xE7,0xBD,0xB4,
    0xE8,0x84,0xBE,0xE8,0x8A,0x98,0xE8,0x9A,0x8D,0xE8,0x9C,0xB1,0xE8,0xAD,0xAC,0xE8,
    0xB2,0x94,0xE8,0xBE,0x9F,0xE9,0x82,0xB3,0xE9,0x83,0xAB,0xE9,0x93,0x8D,0xE9,0x99,
    0xB4,0xE9,0x9C,0xB9,0xE9,0xBC,0x99,0x00,0x70,0x69,0x61,0x6E,0x00,0xE5,0x81,0x8F,
    0xE7,0x89,0x87,0xE7,0x8A,0x8F,0xE7,0xAF,0x87,0xE7,0xBF,0xA9,0xE8,0x83,0xBC,0xE8,
    0xB0,0x9D,0xE8,0xB9,0x81,0xE9,0xAA,0x88,0xE9,0xAA,0x97,0x00,0x70,0x69,0x61,0x6F,
    0x00,0xE5,0x89,0xBD,0xE5,0x98,0x8C,0xE5,0xAB,0x96,0xE6,0xAE,0x8D,0xE6,0xBC,0x82,
    0xE7,0x93,0xA2,0xE7,0x9E,0x9F,0xE7,0xA5,0xA8,0xE7,0xBC,0xA5,0xE8,0x9E,0xB5,0xE9,
    0xA3,0x98,0x00,0x70,0x69,0x65,0x00,0xE4,0xB8,0xBF,0xE6,0x92,0x87,0xE6,0xB0,0x95,
    0xE7,0x9E,0xA5,0xE8,0x8B,0xA4,0x00,0x70,0x69,0x6E,0x00,0xE5,0x93,0x81,0xE5,0xA7,
    0x98,0xE5,0xAB,0x94,0xE6,0x8B,0xBC,0xE6,0xA6,0x80,0xE7,0x89,0x9D,0xE8,0x81,0x98,
    0xE8,0xB4,0xAB,0xE9,0xA2,0x91,0xE9,0xA2,0xA6,0x00,0x70,0x69,0x6E,0x67,0x00,0xE4,
    0xB9,0x92,0xE4,0xBF,0x9C,0xE5,0x87,0xAD,0xE5,0x9D,0xAA,0xE5,0xA8,0x89,0xE5,0xB1,
    0x8F,0xE5,0xB9,0xB3,0xE6,0x9E,0xB0,0xE7,0x93,0xB6,0xE8,0x8B,0xB9,0xE8,0x90,0x8D,
    0xE8,0xAF,0x84,0xE9,0xB2,0x86,0x00,0x70,0x6F,0x00,0xE5,0x8F,0xB5,0xE5,0x9D,0xA1,
    0xE5,0xA9,0x86,0xE6,0xB3,0x8A,0xE6,0xB3,0xBC,0xE7,0x8F,0x80,0xE7,0x9A,0xA4,0xE7,
    0xA0,0xB4,0xE7,0xAC,0xB8,0xE7,0xB2,0x95,0xE8,0xBF,0xAB,0xE9,0x84,0xB1,0xE9,0x92,
    0x8B,0xE9,0x92,0xB7,0xE9,0xA2,0x87,0xE9,0xAD,0x84,0x00,0x70,0x6F,0x75,0x00,0xE5,
    0x89,0x96,0xE6,0x8E,0x8A,0xE8,0xA3,0x92,0x00,0x70,0x75,0x00,0xE4,0xBB,0x86,0xE5,
    0x8C,0x8D,0xE5,0x99,0x97,0xE5,0x9C,0x83,0xE5,0x9F,0x94,0xE6,0x89,0x91,0xE6,0x94,
    0xB4,0xE6,0x94,0xB5,0xE6,0x99,0xAE,0xE6,0x9B,0x9D,0xE6,0x9C,0xB4,0xE6,0xB0,0x86,
    0xE6,0xB5,0xA6,0xE6,0xBA,0xA5,0xE6,0xBF,0xAE,0xE7,0x80,0x91,0xE7,0x92,0x9E,0xE8,
    0x84,0xAF,0xE8,0x8E,0x86,0xE8,0x8F,0xA9,0xE8,0x91,0xA1,0xE8,0x92,0xB2,0xE8,0xB0,
    0xB1,0xE8,0xB9,0xBC,0xE9,0x93,0xBA,0xE9,0x95,0xA4,0xE9,0x95,0xA8,0x00,0x71,0x69,
    0x00,0xE4,0xB8,0x83,0xE4,0xB9,0x9E,0xE4,0xBA,0x93,0xE4,0xBC,0x81,0xE4,0xBF,0x9F,
    0xE5,0x85,0xB6,0xE5,0x87,0x84,0xE5,0x90,0xAF,0xE5,0x98,0x81,0xE5,0x99,0xA8,0xE5,
    0x9C,0xBB,0xE5,0xA5,0x87,0xE5,0xA5,0x91,0xE5,0xA6,0xBB,0xE5,0xB1,0xBA,0xE5,0xB2,
    0x82,0xE5,0xB2,0x90,0xE5,0xB4,0x8E,0xE5,0xBC,0x83,0xE6,0x86,0xA9,0xE6,0x88,0x9A,
    0xE6,0x97,0x97,0xE6,0x9C,0x9F,0xE6,0x9D,0x9E,0xE6,0x9F,0x92,0xE6,0xA0,0x96,0xE6,
    0xA1,0xA4,0xE6,0xA3,0x8B,0xE6,0xA7,0xAD,0xE6,0xAC,0xBA,0xE6,0xAD,0xA7,0xE6,0xB0,
    0x94,0xE6,0xB1,0x94,0xE6,0xB1,0xBD,0xE6,0xB2,0x8F,0xE6,0xB3,0xA3,0xE6,0xB7,0x87,
    0xE6,0xBC,0x86,0xE7,0x90,0xA6,0xE7,0x90,0xAA,0xE7,0x95,0xA6,0xE7,0xA0,0x8C,0xE7,
    0xA2,0x9B,0xE7,0xA5,0x81,0xE7,0xA5,0x88,0xE7,0xA5,0xBA,0xE7,0xB6,0xA6,0xE7,0xB6,
    0xAE,0xE7,0xBB,0xAE,0xE8,0x80,0x86,0xE8,0x84,0x90,0xE8,0x8A,0x91,0xE8,0x8A,0xAA,
    0xE8,0x90,0x81,0xE8,0x90,0x8B,0xE8,0x91,0xBA,0xE8,0x95,0xB2,0xE8,0x9B,0xB4,0xE8,
    0x9C,0x9E,0xE8,0xAE,0xAB,0xE8,0xB5,0xB7,0xE8,0xB9,0x8A,0xE8,0xBF,0x84,0xE9,0xA2,
    0x80,0xE9,0xAA,0x90,0xE9,0xAA,0x91,0xE9,0xB3,0x8D,0xE9,0xBA,0x92,0xE9,0xBD,0x90,
    0x00,0x71,0x69,0x61,0x00,0xE6,0x81,0xB0,0xE6,0x8E,0x90,0xE6,0xB4,0xBD,0xE8,0x91,
    0x9C,0xE9,0xAB,0x82,0x00,0x71,0x69,0x61,0x6E,0x00,0xE4,0xB9,0xBE,0xE4,0xBB,0x9F,
    0xE4,0xBD,0xA5,0xE5,0x80,0xA9,0xE5,0x87,0xB5,0xE5,0x89,0x8D,0xE5,0x8D,0x83,0xE5,
    0xA0,0x91,0xE5,0xB2,0x8D,0xE5,0xB5,0x8C,0xE6,0x82,0xAD,0xE6,0x84,0x86,0xE6,0x85,
    0x8A,0xE6,0x89,0xA6,0xE6,0x8E,0xAE,0xE6,0x90,0xB4,0xE6,0xA4,0xA0,0xE6,0xAC,0xA0,
    0xE6,0xAD,0x89,0xE6,0xB5,0x85,0xE6,0xBD,0x9C,0xE7,0x89,0xB5,0xE7,0xAD,0xBE,0xE7,
    0xAE,0x9D,0xE7,0xBC,0xB1,0xE8,0x82,0xB7,0xE8,0x8A,0x8A,0xE8,0x8A,0xA1,0xE8,0x8C,
    0x9C,0xE8,0x99,0x94,0xE8,0xA4,0xB0,0xE8,0xB0,0xA6,0xE8,0xB0,0xB4,0xE8,0xBF,0x81,
    0xE9,0x81,0xA3,0xE9,0x92,0x8E,0xE9,0x92,0xA4,0xE9,0x92,0xB1,0xE9,0x92,0xB3,0xE9,
    0x93,0x85,0xE9,0x98,0xA1,0xE9,0xAA,0x9E,0xE9,0xBB,0x94,0x00,0x71,0x69,0x61,0x6E,
    0x67,0x00,0xE4,0xB8,0xAC,0xE5,0x91,0x9B,0xE5,0xA2,0x99,0xE5,0xAB,0xB1,0xE5,0xBC,
    0xBA,0xE6,0x88,0x95,0xE6,0x88,0x97,0xE6,0x8A,0xA2,0xE6,0x9E,0xAA,0xE6,0xA8,0xAF,
    0xE7,0x82,0x9D,0xE7,0xBE,0x8C,0xE7,0xBE,0x9F,0xE8,0x85,0x94,0xE8,0x94,0xB7,0xE8,
    0x9C,0xA3,0xE8,0xA5,0x81,0xE8,0xB7,0x84,0xE9,0x94,0x96,0xE9,0x94,0xB5,0xE9,0x95,
    0xAA,0x00,0x71,0x69,0x61,0x6F,0x00,0xE4,0xB9,0x94,0xE4,0xBE,0xA8,0xE4,0xBF,0x8F,
    0xE5,0x8A,0x81,0xE5,0xB3,0xAD,0xE5,0xB7,0xA7,0xE6,0x82,0x84,0xE6,0x84,0x80,0xE6,
    0x86,0x94,0xE6,0x92,0xAC,0xE6,0x95,0xB2,0xE6,0xA1,0xA5,0xE6,0xA8,0xB5,0xE6,0xA9,
    0x87,0xE7,0x9E,0xA7,0xE7,0xA1,0x97,0xE7,0xAA,0x8D,0xE7,0xBC,0xB2,0xE7,0xBF,0x98,
    0xE8,0x8D,0x9E,0xE8,0xAF,0xAE,0xE8,0xB0,0xAF,0xE8,0xB7,0xB7,0xE9,0x94,0xB9,0xE9,
    0x9E,0x92,0xE9,0x9E,0x98,0x00,0x71,0x69,0x65,0x00,0xE4,0xB8,0x94,0xE5,0x88,0x87,
    0xE5,0xA6,0xBE,0xE6,0x80,0xAF,0xE6,0x83,0xAC,0xE6,0x8C,0x88,0xE7,0xAA,0x83,0xE7,
    0xAE,0xA7,0xE9,0x83,0x84,0xE9,0x94,0xB2,0x00,0x71,0x69,0x6E,0x00,0xE4,0xBA,0xB2,
    0xE4,0xBE,0xB5,0xE5,0x8B,0xA4,0xE5,0x90,0xA3,0xE5,0x97,0xAA,0xE5,0x99,0x99,0xE5,
    0xAF,0x9D,0xE6,0x8F,0xBF,0xE6,0x93,0x92,0xE6,0xAA,0x8E,0xE6,0xB2,0x81,0xE6,0xBA,
    0xB1,0xE7,0x90,0xB4,0xE7,0xA6,0xBD,0xE7,0xA7,0xA6,0xE8,0x8A,0xA9,0xE8,0x8A,0xB9,
    0xE8,0x9E,0x93,0xE8,0xA1,0xBE,0xE9,0x92,0xA6,0xE9,0x94,0x93,0x00,0x71,0x69,0x6E,
    0x67,0x00,0xE5,0x80,0xBE,0xE5,0x8D,0xBF,0xE5,0x9C,0x8A,0xE5,0xBA,0x86,0xE6,0x83,
    0x85,0xE6,0x93,0x8E,0xE6,0x99,0xB4,0xE6,0xAA,0xA0,0xE6,0xB0,0xA2,0xE6,0xB0,0xB0,
    0xE6,0xB8,0x85,0xE7,0xA3,0xAC,0xE7,0xAE,0x90,0xE7,0xBD,0x84,0xE8,0x8B,0x98,0xE8,
    0x9C,0xBB,0xE8,0xAC,0xA6,0xE8,0xAF,0xB7,0xE8,0xBD,0xBB,0xE9,0x9D,0x92,0xE9,0xA1,
    0xB7,0xE9,0xB2,0xAD,0xE9,0xBB,0xA5,0x00,0x71,0x69,0x6F,0x6E,0x67,0x00,0xE7,0x90,
    0xBC,0xE7,0xA9,0xB7,0xE7,0xA9,0xB9,0xE7,0xAD,0x87,0xE8,0x8A,0x8E,0xE8,0x8C,0x95,
    0xE8,0x9B,0xA9,0xE8,0xB7,0xAB,0xE9,0x82,0x9B,0xE9,0x8A,0x8E,0x00,0x71,0x69,0x75,
    0x00,0xE4,0xB8,0x98,0xE4,0xBF,0x85,0xE5,0x9B,0x9A,0xE5,0xB7,0xAF,0xE6,0xA5,0xB8,
    0xE6,0xB1,0x82,0xE6,0xB3,0x85,0xE7,0x8A,0xB0,0xE7,0x90,0x83,0xE7,0xA7,0x8B,0xE7,
    0xB3,0x97,0xE8,0x99,0xAC,0xE8,0x9A,0xAF,0xE8,0x9D,0xA4,0xE8,0xA3,0x98,0xE8,0xB5,
    0x87,0xE9,0x80,0x91,0xE9,0x81,0x92,0xE9,0x82,0xB1,0xE9,0x85,0x8B,0xE9,0xB3,0x85,
    0xE9,0xBC,0xBD,0x00,0x71,0x75,0x00,0xE5,0x8A,0xAC,0xE5,0x8C,0xBA,0xE5,0x8E,0xBB,
    0xE5,0x8F,0x96,0xE5,0xA8,0xB6,0xE5,0xB1,0x88,0xE5,0xB2,0x96,0xE6,0x9B,0xB2,0xE6,
    0x9C,0x90,0xE6,0xB0,0x8D,0xE6,0xB8,0xA0,0xE7,0x92,0xA9,0xE7,0x99,0xAF,0xE7,0x9E,
    0xBF,0xE7,0xA3,0xB2,0xE7,0xA5,0x9B,0xE8,0x95,0x96,0xE8,0x98,0xA7,0xE8,0x9B,0x86,
    0xE8,0x9B,0x90,0xE8,0xA0,0xBC,0xE8,0xA1,0xA2,0xE8,0xA7,0x91,0xE8,0xAF,0x8E,0xE8,
    0xB6,0x8B,0xE8,0xB6,0xA3,0xE8,0xBA,0xAF,0xE9,0x98,0x92,0xE9,0xA9,0xB1,0xE9,0xB8,
    0xB2,0xE9,0xBA,0xB4,0xE9,0xBB,0xA2,0xE9,0xBE,0x8B,0x00,0x71,0x75,0x61,0x6E,0x00,
    0xE5,0x85,0xA8,0xE5,0x88,0xB8,0xE5,0x8A,0x9D,0xE5,0x9C,0x88,0xE6,0x82,0x9B,0xE6,
    0x8B,0xB3,0xE6,0x9D,0x83,0xE6,0xB3,0x89,0xE7,0x8A,0xAC,0xE7,0x8A,0xAD,0xE7,0x95,
    0x8E,0xE7,0x97,0x8A,0xE7,0xAD,0x8C,0xE7,0xBB,0xBB,0xE8,0x8D,0x83,0xE8,0x9C,0xB7,
    0xE8,0xAF,0xA0,0xE8,0xBE,0x81,0xE9,0x86,0x9B,0xE9,0x93,0xA8,0xE9,0xA2,0xA7,0xE9,
    0xAC,0x88,0x00,0x71,0x75,0x65,0x00,0xE5,0x8D,0xB4,0xE6,0x82,0xAB,0xE6,0xA6,0xB7,
    0xE7,0x98,0xB8,0xE7,0xA1,0xAE,0xE7,0xBC,0xBA,0xE9,0x98,0x95,0xE9,0x98,0x99,0xE9,
    0x9B,0x80,0xE9,0xB9,0x8A,0x00,0x71,0x75,0x6E,0x00,0xE7,0xBE,0xA4,0xE8,0xA3,0x99,
    0xE9,0x80,0xA1,0x00,0x72,0x61,0x6E,0x00,0xE5,0x86,0x89,0xE6,0x9F,0x93,0xE7,0x84,
    0xB6,0xE7,0x87,0x83,0xE8,0x8B,0x92,0xE8,0x9A,0xBA,0xE9,0xAB,0xAF,0x00,0x72,0x61,
    0x6E,0x67,0x00,0xE5,0x9A,0xB7,0xE5,0xA3,0xA4,0xE6,0x94,0x98,0xE7,0x93,0xA4,0xE7,
    0xA6,0xB3,0xE7,0xA9,0xB0,0xE8,0xAE,0xA9,0x00,0x72,0x61,0x6F,0x00,0xE5,0xA8,0x86,
    0xE6,0x89,0xB0,0xE6,0xA1,0xA1,0xE7,0xBB,0x95,0xE8,0x8D,0x9B,0xE9,0xA5,0xB6,0x00,
    0x72,0x65,0x00,0xE6,0x83,0xB9,0xE7,0x83,0xAD,0x00,0x72,0x65,0x6E,0x00,0xE4,0xBA,
    0xBA,0xE4,0xBA,0xBB,0xE4,0xBB,0x81,0xE4,0xBB,0x9E,0xE4,0xBB,0xBB,0xE5,0x88,0x83,
    0xE5,0xA3,0xAC,0xE5,0xA6,0x8A,0xE5,0xBF,0x8D,0xE7,0xA8,0x94,0xE7,0xBA,0xAB,0xE8,
    0x8D,0x8F,0xE8,0x91,0x9A,0xE8,0xA1,0xBD,0xE8,0xAE,0xA4,0xE8,0xBD,0xAB,0xE9,0x9F,
    0xA7,0xE9,0xA5,0xAA,0x00,0x72,0x65,0x6E,0x67,0x00,0xE4,0xBB,0x8D,0xE6,0x89,0x94,
    0x00,0x72,0x69,0x00,0xE6,0x97,0xA5,0x00,0x72,0x6F,0x6E,0x67,0x00,0xE5,0x86,0x97,
    0xE5,0xAE,0xB9,0xE5,0xB5,0x98,0xE6,0x88,0x8E,0xE6,0xA6,0x95,0xE6,0xBA,0xB6,0xE7,
    0x86,0x94,0xE7,0x8B,0xA8,0xE7,0xBB,0x92,0xE8,0x82,0x9C,0xE8,0x8C,0xB8,0xE8,0x8D,
    0xA3,0xE8,0x93,0x89,0xE8,0x9D,0xBE,0xE8,0x9E,0x8D,0x00,0x72,0x6F,0x75,0x00,0xE6,
    0x8F,0x89,0xE6,0x9F,0x94,0xE7,0xB3,0x85,0xE8,0x82,0x89,0xE8,0xB9,0x82,0xE9,0x9E,
    0xA3,0x00,0x72,0x75,0x00,0xE4,0xB9,0xB3,0xE5,0x84,0x92,0xE5,0x85,0xA5,0xE5,0x9A,
    0x85,0xE5,0xA6,0x82,0xE5,0xAD,0xBA,0xE6,0xB1,0x9D,0xE6,0xB4,0xB3,0xE6,0xBA,0xBD,
    0xE6,0xBF,0xA1,0xE7,0xBC,0x9B,0xE8,0x8C,0xB9,0xE8,0x93,0x90,0xE8,0x96,0xB7,0xE8,
    0xA0,0x95,0xE8,0xA4,0xA5,0xE8,0xA5,0xA6,0xE8,0xBE,0xB1,0xE9,0x93,0xB7,0xE9,0xA2,
    0xA5,0x00,0x72,0x75,0x61,0x6E,0x00,0xE6,0x9C,0x8A,0xE8,0xBD,0xAF,0xE9,0x98,0xAE,
    0x00,0x72,0x75,0x69,0x00,0xE6,0x9E,0x98,0xE7,0x91,0x9E,0xE7,0x9D,0xBF,0xE8,0x8A,
    0xAE,0xE8,0x95,0x8A,0xE8,0x95,0xA4,0xE8,0x9A,0x8B,0xE9,0x94,0x90,0x00,0x72,0x75,
    0x6E,0x00,0xE6,0xB6,0xA6,0xE9,0x97,0xB0,0x00,0x72,0x75,0x6F,0x00,0xE5,0x81,0x8C,
    0xE5,0xBC,0xB1,0xE7,0xAE,0xAC,0xE8,0x8B,0xA5,0x00,0x73,0x61,0x00,0xE4,0xBB,0xA8,
    0xE5,0x8D,0x85,0xE6,0x8C,0xB2,0xE6,0x92,0x92,0xE6,0xB4,0x92,0xE8,0x84,0x8E,0xE8,
    0x90,0xA8,0xE9,0xA3,0x92,0x00,0x73,0x61,0x69,0x00,0xE5,0x99,0xBB,0xE5,0xA1,0x9E,
    0xE8,0x85,0xAE,0xE8,0xB5,0x9B,0xE9,0xB3,0x83,0x00,0x73,0x61,0x6E,0x00,0xE4,0xB8,
    0x89,0xE4,0xBC,0x9E,0xE5,0x8F,0x81,0xE6,0x95,0xA3,0xE6,0xAF,0xB5,0xE7,0xB3,0x81,
    0xE9,0xA6,0x93,0x00,0x73,0x61,0x6E,0x67,0x00,0xE4,0xB8,0xA7,0xE5,0x97,0x93,0xE6,
    0x90,0xA1,0xE6,0xA1,0x91,0xE7,0xA3,0x89,0xE9,0xA2,0xA1,0x00,0x73,0x61,0x6F,0x00,
    0xE5,0x9F,0xBD,0xE5,0xAB,0x82,0xE6,0x89,0xAB,0xE6,0x90,0x94,0xE7,0x98,0x99,0xE7,
    0xBC,0xAB,0xE8,0x87,0x8A,0xE9,0xAA,0x9A,0xE9,0xB3,0x8B,0x00,0x73,0x65,0x00,0xE5,
    0x95,0xAC,0xE6,0xB6,0xA9,0xE7,0x91,0x9F,0xE7,0xA9,0x91,0xE8,0x89,0xB2,0xE9,0x93,
    0xAF,0x00,0x73,0x65,0x6E,0x00,0xE6,0xA3,0xAE,0x00,0x73,0x65,0x6E,0x67,0x00,0xE5,
    0x83,0xA7,0x00,0x73,0x68,0x61,0x00,0xE5,0x82,0xBB,0xE5,0x88,0xB9,0xE5,0x8E,0xA6,
    0xE5,0x94,0xBC,0xE5,0x95,0xA5,0xE6,0x9D,0x80,0xE6,0xAD,0x83,0xE6,0xB2,0x99,0xE7,
    0x85,0x9E,0xE7,0x97,0xA7,0xE7,0xA0,0x82,0xE7,0xBA,0xB1,0xE8,0x8E,0x8E,0xE8,0xA3,
    0x9F,0xE9,0x93,0xA9,0xE9,0x9C,0x8E,0xE9,0xB2,0xA8,0x00,0x73,0x68,0x61,0x69,0x00,
    0xE6,0x99,0x92,0xE7,0xAD,0x9B,0xE9,0x85,0xBE,0x00,0x73,0x68,0x61,0x6E,0x00,0xE5,
    0x88,0xA0,0xE5,0x89,0xA1,0xE5,0x96,0x84,0xE5,0x9F,0x8F,0xE5,0xA7,0x97,0xE5,0xAC,
    0x97,0xE5,0xB1,0xB1,0xE5,0xBD,0xA1,0xE6,0x89,0x87,0xE6,0x93,0x85,0xE6,0x9D,0x89,
    0xE6,0xB1,0x95,0xE6,0xBD,0xB8,0xE7,0x85,0xBD,0xE7,0x8F,0x8A,0xE7,0x96,0x9D,0xE7,
    0xBC,0xAE,0xE8,0x86,0xB3,0xE8,0x86,0xBB,0xE8,0x88,0xA2,0xE8,0x8A,0x9F,0xE8,0x8B,
    0xAB,0xE8,0x9F,0xAE,0xE8,0xA1,0xAB,0xE8,0xAE,0xAA,0xE8,0xB5,0xA1,0xE8,0xB7,0x9A,
    0xE9,0x84,0xAF,0xE9,0x92,0x90,0xE9,0x97,0xAA,0xE9,0x99,0x95,0xE9,0xAA,0x9F,0xE9,
    0xB3,0x9D,0x00,0x73,0x68,0x61,0x6E,0x67,0x00,0xE4,0xB8,0x8A,0xE4,0xBC,0xA4,0xE5,
    0x95,0x86,0xE5,0x9E,0xA7,0xE5,0xA2,0x92,0xE5,0xB0,0x9A,0xE6,0x99,0x8C,0xE6,0xAE,
    0x87,0xE7,0x86,0xB5,0xE7,0xBB,0xB1,0xE8,0xA3,0xB3,0xE8,0xA7,0x9E,0xE8,0xB5,0x8F,
    0x00,0x73,0x68,0x61,0x6F,0x00,0xE5,0x8A,0xAD,0xE5,0x8B,0xBA,0xE5,0x93,0xA8,0xE5,
    0xB0,0x91,0xE6,0x8D,0x8E,0xE6,0xA2,0xA2,0xE6,0xBD,0xB2,0xE7,0x83,0xA7,0xE7,0xA8,
    0x8D,0xE7,0xAD,0xB2,0xE7,0xBB,0x8D,0xE8,0x89,0x84,0xE8,0x8A,0x8D,0xE8,0x8B,0x95,
    0xE8,0x9B,0xB8,0xE9,0x82,0xB5,0xE9,0x9F,0xB6,0x00,0x73,0x68,0x65,0x00,0xE4,0xBD,
    0x98,0xE5,0x8E,0x8D,0xE5,0xA5,0xA2,0xE5,0xB0,0x84,0xE6,0x85,0x91,0xE6,0x91,0x84,
    0xE6,0xAD,0x99,0xE6,0xB6,0x89,0xE6,0xBB,0xA0,0xE7,0x8C,0x9E,0xE7,0x95,0xB2,0xE7,
    0xA4,0xBE,0xE8,0x88,0x8C,0xE8,0x88,0x8D,0xE8,0x9B,0x87,0xE8,0xAE,0xBE,0xE8,0xB5,
    0x8A,0xE8,0xB5,0xA6,0xE9,0xBA,0x9D,0x00,0x73,0x68,0x65,0x6E,0x00,0xE4,0xBB,0x80,
    0xE4,0xBC,0xB8,0xE5,0x91,0xBB,0xE5,0x93,0x82,0xE5,0xA8,0xA0,0xE5,0xA9,0xB6,0xE5,
    0xAE,0xA1,0xE6,0x85,0x8E,0xE6,0xA4,0xB9,0xE6,0xB2,0x88,0xE6,0xB7,0xB1,0xE6,0xB8,
    0x96,0xE6,0xB8,0x97,0xE7,0x94,0x9A,0xE7,0x94,0xB3,0xE7,0x9F,0xA7,0xE7,0xA0,0xB7,
    0xE7,0xA5,0x9E,0xE7,0xBB,0x85,0xE8,0x82,0xBE,0xE8,0x83,0x82,0xE8,0x8E,0x98,0xE8,
    0x9C,0x83,0xE8,0xAF,0x9C,0xE8,0xB0,0x82,0xE8,0xBA,0xAB,0x00,0x73,0x68,0x65,0x6E,
    0x67,0x00,0xE5,0x89,0xA9,0xE5,0x8D,0x87,0xE5,0x9C,0xA3,0xE5,0xA3,0xB0,0xE5,0xB5,
    0x8A,0xE7,0x89,0xB2,0xE7,0x94,0x9F,0xE7,0x94,0xA5,0xE7,0x9B,0x9B,0xE7,0x9C,0x81,
    0xE7,0x9C,0x9A,0xE7,0xAC,0x99,0xE7,0xBB,0xB3,0xE8,0x83,0x9C,0x00,0x73,0x68,0x69,
    0x00,0xE4,0xB8,0x96,0xE4,0xBA,0x8B,0xE4,0xBB,0x95,0xE4,0xBC,0xBC,0xE4,0xBD,0xBF,
    0xE4,0xBE,0x8D,0xE5,0x8A,0xBF,0xE5,0x8C,0x99,0xE5,0x8D,0x81,0xE5,0x8F,0xB2,0xE5,
    0x97,0x9C,0xE5,0x99,0xAC,0xE5,0x9F,0x98,0xE5,0xA3,0xAB,0xE5,0xA4,0xB1,0xE5,0xA7,
    0x8B,0xE5,0xAE,0x9E,0xE5,0xAE,0xA4,0xE5,0xB0,0xB8,0xE5,0xB1,0x8E,0xE5,0xB8,0x82,
    0xE5,0xB8,0x88,0xE5,0xBC,0x8F,0xE5,0xBC,0x91,0xE6,0x81,0x83,0xE6,0x8B,0xAD,0xE6,
    0x8B,0xBE,0xE6,0x96,0xBD,0xE6,0x97,0xB6,0xE6,0x98,0xAF,0xE6,0x9F,0xBF,0xE6,0xB0,
    0x8F,0xE6,0xB9,0xBF,0xE7,0x82,0xBB,0xE7,0x8B,0xAE,0xE7,0x9F,0xA2,0xE7,0x9F,0xB3,
    0xE7,0xA4,0xBA,0xE7,0xA4,0xBB,0xE7,0xAD,0xAE,0xE8,0x88,0x90,0xE8,0x8E,0xB3,0xE8,
    0x93,0x8D,0xE8,0x99,0xB1,0xE8,0x9A,0x80,0xE8,0x9E,0xAB,0xE8,0xA7,0x86,0xE8,0xAA,
    0x93,0xE8,0xAF,0x86,0xE8,0xAF,0x95,0xE8,0xAF,0x97,0xE8,0xB0,0xA5,0xE8,0xB1,0x89,
    0xE8,0xB1,0x95,0xE8,0xB4,0xB3,0xE8,0xBD,0xBC,0xE9,0x80,0x82,0xE9,0x80,0x9D,0xE9,
    0x87,0x8A,0xE9,0x93,0x88,0xE9,0xA3,0x9F,0xE9,0xA5,0xA3,0xE9,0xA5,0xB0,0xE9,0xA9,
    0xB6,0xE9,0xB2,0xA5,0xE9,0xB2,0xBA,0x00,0x73,0x68,0x6F,0x75,0x00,0xE5,0x85,0xBD,
    0xE5,0x8F,0x97,0xE5,0x94,0xAE,0xE5,0xAE,0x88,0xE5,0xAF,0xBF,0xE6,0x89,0x8B,0xE6,
    0x89,0x8C,0xE6,0x8E,0x88,0xE6,0x94,0xB6,0xE7,0x8B,0xA9,0xE7,0x98,0xA6,0xE7,0xBB,
    0xB6,0xE8,0x89,0x8F,0xE9,0xA6,0x96,0x00,0x73,0x68,0x75,0x00,0xE4,0xB9,0xA6,0xE5,
    0x80,0x8F,0xE5,0x8F,0x94,0xE5,0xA1,0xBE,0xE5,0xA2,0x85,0xE5,0xA7,0x9D,0xE5,0xAD,
    0xB0,0xE5,0xB1,0x9E,0xE5,0xBA,0xB6,0xE6,0x81,0x95,0xE6,0x88,0x8D,0xE6,0x8A,0x92,
    0xE6,0x91,0x85,0xE6,0x95,0xB0,0xE6,0x9A,0x91,0xE6,0x9B,0x99,0xE6,0x9C,0xAF,0xE6,
    0x9D,0x9F,0xE6,0x9E,0xA2,0xE6,0xA0,0x91,0xE6,0xA2,0xB3,0xE6,0xAE,0x8A,0xE6,0xAE,
    0xB3,0xE6,0xAF,0xB9,0xE6,0xB2,0xAD,0xE6,0xB7,0x91,0xE6,0xBC,0xB1,0xE6,0xBE,0x8D,
    0xE7,0x86,0x9F,0xE7,0x96,0x8F,0xE7,0xA7,0xAB,0xE7,0xAB,0x96,0xE7,0xBA,0xBE,0xE7,
    0xBD,0xB2,0xE8,0x85,0xA7,0xE8,0x88,0x92,0xE8,0x8F,0xBD,0xE8,0x94,0xAC,0xE8,0x96,
    0xAF,0xE8,0x9C,0x80,0xE8,0xB5,0x8E,0xE8,0xBE,0x93,0xE8,0xBF,0xB0,0xE9,0xBB,0x8D,
    0xE9,0xBC,0xA0,0x00,0x73,0x68,0x75,0x61,0x00,0xE5,0x88,0xB7,0xE5,0x94,0xB0,0xE8,
    0x80,0x8D,0x00,0x73,0x68,0x75,0x61,0x69,0x00,0xE5,0xB8,0x85,0xE6,0x91,0x94,0xE7,
    0x94,0xA9,0xE8,0x9F,0x80,0xE8,0xA1,0xB0,0x00,0x73,0x68,0x75,0x61,0x6E,0x00,0xE6,
    0x8B,0xB4,0xE6,0xA0,0x93,0xE6,0xB6,0xAE,0xE9,0x97,0xA9,0x00,0x73,0x68,0x75,0x61,
    0x6E,0x67,0x00,0xE5,0x8F,0x8C,0xE5,0xAD,0x80,0xE7,0x88,0xBD,0xE9,0x9C,0x9C,0x00,
    0x73,0x68,0x75,0x69,0x00,0xE6,0xB0,0xB4,0xE6,0xB0,0xB5,0xE7,0x9D,0xA1,0xE7,0xA8,
    0x8E,0xE8,0xB0,0x81,0x00,0x73,0x68,0x75,0x6E,0x00,0xE5,0x90,0xAE,0xE7,0x9E,0xAC,
    0xE8,0x88,0x9C,0xE9,0xA1,0xBA,0x00,0x73,0x68,0x75,0x6F,0x00,0xE5,0xA6,0x81,0xE6,
    0x90,0xA0,0xE6,0x9C,0x94,0xE6,0xA7,0x8A,0xE7,0x83,0x81,0xE7,0xA1,0x95,0xE8,0x92,
    0xB4,0xE8,0xAF,0xB4,0xE9,0x93,0x84,0x00,0x73,0x69,0x00,0xE4,0xB8,0x9D,0xE5,0x85,
    0x95,0xE5,0x8E,0xAE,0xE5,0x8E,0xB6,0xE5,0x8F,0xB8,0xE5,0x92,0x9D,0xE5,0x97,0xA3,
    0xE5,0x98,0xB6,0xE5,0x9B,0x9B,0xE5,0xA7,0x92,0xE5,0xAF,0xBA,0xE5,0xB7,0xB3,0xE6,
    0x80,0x9D,0xE6,0x92,0x95,0xE6,0x96,0xAF,0xE6,0xAD,0xBB,0xE6,0xB1,0x9C,0xE6,0xB3,
    0x97,0xE6,0xBE,0x8C,0xE7,0xA5,0x80,0xE7,0xA7,0x81,0xE7,0xAC,0xA5,0xE7,0xBA,0x9F,
    0xE7,0xBC,0x8C,0xE8,0x80,0x9C,0xE8,0x82,0x86,0xE8,0x9B,0xB3,0xE9,0x94,0xB6,0xE9,
    0xA5,0xB2,0xE9,0xA9,0xB7,0xE9,0xB8,0xB6,0x00,0x73,0x6F,0x6E,0x67,0x00,0xE5,0x87,
    0x87,0xE5,0xAE,0x8B,0xE5,0xB4,0xA7,0xE5,0xB5,0xA9,0xE5,0xBF,0xAA,0xE6,0x80,0x82,
    0xE6,0x82,0x9A,0xE6,0x9D,0xBE,0xE6,0xB7,0x9E,0xE7,0xAB,0xA6,0xE8,0x80,0xB8,0xE8,
    0x8F,0x98,0xE8,0xAE,0xBC,0xE8,0xAF,0xB5,0xE9,0x80,0x81,0xE9,0xA2,0x82,0x00,0x73,
    0x6F,0x75,0x00,0xE5,0x8F,0x9F,0xE5,0x97,0x96,0xE5,0x97,0xBD,0xE5,0x97,0xBE,0xE6,
    0x90,0x9C,0xE6,0x93,0x9E,0xE6,0xBA,0xB2,0xE7,0x9E,0x8D,0xE8,0x89,0x98,0xE8,0x96,
    0xAE,0xE8,0x9E,0x8B,0xE9,0x94,0xBC,0xE9,0xA3,0x95,0xE9,0xA6,0x8A,0x00,0x73,0x75,
    0x00,0xE4,0xBF,0x97,0xE5,0x83,0xB3,0xE5,0x97,0x89,0xE5,0xA1,0x91,0xE5,0xA4,0x99,
    0xE5,0xAE,0xBF,0xE6,0x84,0xAB,0xE6,0xB6,0x91,0xE6,0xBA,0xAF,0xE7,0xA8,0xA3,0xE7,
    0xB0,0x8C,0xE7,0xB2,0x9F,0xE7,0xB4,0xA0,0xE8,0x82,0x83,0xE8,0x8B,0x8F,0xE8,0x94,
    0x8C,0xE8,0xA7,0xAB,0xE8,0xAF,0x89,0xE8,0xB0,0xA1,0xE9,0x80,0x9F,0xE9,0x85,0xA5,
    0x00,0x73,0x75,0x61,0x6E,0x00,0xE7,0x8B,0xBB,0xE7,0xAE,0x97,0xE8,0x92,0x9C,0xE9,
    0x85,0xB8,0x00,0x73,0x75,0x69,0x00,0xE5,0xB2,0x81,0xE6,0xBF,0x89,0xE7,0x87,0xA7,
    0xE7,0x9C,0xAD,0xE7,0x9D,0xA2,0xE7,0xA2,0x8E,0xE7,0xA5,0x9F,0xE7,0xA9,0x97,0xE7,
    0xBB,0xA5,0xE8,0x8D,0xBD,0xE8,0x99,0xBD,0xE8,0xB0,0x87,0xE9,0x81,0x82,0xE9,0x82,
    0x83,0xE9,0x9A,0x8B,0xE9,0x9A,0x8F,0xE9,0x9A,0xA7,0xE9,0xAB,0x93,0x00,0x73,0x75,
    0x6E,0x00,0xE5,0xAD,0x99,0xE6,0x8D,0x9F,0xE6,0xA6,0xAB,0xE7,0x8B,0xB2,0xE7,0xAC,
    0x8B,0xE8,0x8D,0xAA,0xE9,0x9A,0xBC,0xE9,0xA3,0xA7,0x00,0x73,0x75,0x6F,0x00,0xE5,
    0x94,0x86,0xE5,0x94,0xA2,0xE5,0x97,0x8D,0xE5,0x97,0xA6,0xE5,0xA8,0x91,0xE6,0x89,
    0x80,0xE6,0xA1,0xAB,0xE6,0xA2,0xAD,0xE7,0x90,0x90,0xE7,0x9D,0x83,0xE7,0xB4,0xA2,
    0xE7,0xBC,0xA9,0xE7,0xBE,0xA7,0xE8,0x93,0x91,0xE9,0x94,0x81,0x00,0x74,0x61,0x00,
    0xE4,0xBB,0x96,0xE5,0xA1,0x8C,0xE5,0xA1,0x94,0xE5,0xA5,0xB9,0xE5,0xAE,0x83,0xE6,
    0x8C,0x9E,0xE6,0xA6,0xBB,0xE6,0xBA,0xBB,0xE7,0x8D,0xAD,0xE8,0xB6,0xBF,0xE8,0xB8,
    0x8F,0xE8,0xB9,0x8B,0xE9,0x81,0xA2,0xE9,0x93,0x8A,0xE9,0x97,0xBC,0xE9,0xB3,0x8E,
    0x00,0x74,0x61,0x69,0x00,0xE5,0x8F,0xB0,0xE5,0xA4,0xAA,0xE6,0x80,0x81,0xE6,0x8A,
    0xAC,0xE6,0xB1,0xB0,0xE6,0xB3,0xB0,0xE7,0x82,0xB1,0xE8,0x82,0xBD,0xE8,0x83,0x8E,
    0xE8,0x8B,0x94,0xE8,0x96,0xB9,0xE8,0xB7,0x86,0xE9,0x82,0xB0,0xE9,0x85,0x9E,0xE9,
    0x92,0x9B,0xE9,0xB2,0x90,0x00,0x74,0x61,0x6E,0x00,0xE5,0x8F,0xB9,0xE5,0x9D,0x8D,
    0xE5,0x9D,0x9B,0xE5,0x9D,0xA6,0xE5,0xBF,0x90,0xE6,0x8E,0xA2,0xE6,0x91,0x8A,0xE6,
    0x98,0x99,0xE6,0xAA,0x80,0xE6,0xAF,0xAF,0xE6,0xBB,0xA9,0xE6,0xBD,0xAD,0xE7,0x82,
    0xAD,0xE7,0x97,0xB0,0xE7,0x98,0xAB,0xE7,0xA2,0xB3,0xE8,0xA2,0x92,0xE8,0xA6,0x83,
    0xE8,0xB0,0x88,0xE8,0xB0,0xAD,0xE8,0xB4,0xAA,0xE9,0x83,0xAF,0xE9,0x92,0xBD,0xE9,
    0x94,0xAC,0x00,0x74,0x61,0x6E,0x67,0x00,0xE5,0x80,0x98,0xE5,0x82,0xA5,0xE5,0x94,
    0x90,0xE5,0xA0,0x82,0xE5,0xA1,0x98,0xE5,0xB8,0x91,0xE6,0x90,0xAA,0xE6,0xA3,0xA0,
    0xE6,0xA8,0x98,0xE6,0xB1,0xA4,0xE6,0xB7,0x8C,0xE6,0xBA,0x8F,0xE7,0x83,0xAB,0xE7,
    0x91,0xAD,0xE7,0xB3,0x96,0xE7,0xBE,0xB0,0xE8,0x80,0xA5,0xE8,0x86,0x9B,0xE8,0x9E,
    0x97,0xE8,0x9E,0xB3,0xE8,0xB6,0x9F,0xE8,0xBA,0xBA,0xE9,0x86,0xA3,0xE9,0x93,0xB4,
    0xE9,0x95,0x97,0xE9,0xA5,0xA7,0x00,0x74,0x61,0x6F,0x00,0xE5,0x95,0x95,0xE5,0xA5,
    0x97,0xE6,0x8E,0x8F,0xE6,0xA1,0x83,0xE6,0xB4,0xAE,0xE6,0xB6,0x9B,0xE6,0xB7,0x98,
    0xE6,0xBB,0x94,0xE7,0xBB,0xA6,0xE8,0x90,0x84,0xE8,0xAE,0xA8,0xE9,0x80,0x83,0xE9,
    0x99,0xB6,0xE9,0x9F,0xAC,0xE9,0xA5,0x95,0xE9,0xBC,0x97,0x00,0x74,0x65,0x00,0xE5,
    0xBF,0x91,0xE5,0xBF,0x92,0xE6,0x85,0x9D,0xE7,0x89,0xB9,0xE9,0x93,0xBD,0x00,0x74,
    0x65,0x6E,0x67,0x00,0xE6,0xBB,0x95,0xE7,0x96,0xBC,0xE8,0x85,0xBE,0xE8,0x97,0xA4,
    0xE8,0xAA,0x8A,0x00,0x74,0x69,0x00,0xE4,0xBD,0x93,0xE5,0x80,0x9C,0xE5,0x89,0x83,
    0xE5,0x89,0x94,0xE5,0x95,0xBC,0xE5,0x9A,0x8F,0xE5,0xB1,0x89,0xE6,0x82,0x8C,0xE6,
    0x83,0x95,0xE6,0x8F,0x90,0xE6,0x9B,0xBF,0xE6,0xA2,0xAF,0xE6,0xB6,0x95,0xE7,0xBB,
    0xA8,0xE7,0xBC,0x87,0xE8,0x8D,0x91,0xE8,0xA3,0xBC,0xE8,0xB8,0xA2,0xE8,0xB9,0x84,
    0xE9,0x80,0x96,0xE9,0x86,0x8D,0xE9,0x94,0x91,0xE9,0xA2,0x98,0xE9,0xB9,0x88,0x00,
    0x74,0x69,0x61,0x6E,0x00,0xE5,0xA1,0xAB,0xE5,0xA4,0xA9,0xE5,0xBF,0x9D,0xE6,0x81,
    0xAC,0xE6,0x8E,0xAD,0xE6,0xAE,0x84,0xE6,0xB7,0xBB,0xE7,0x94,0x9C,0xE7,0x94,0xB0,
    0xE7,0x95,0x8B,0xE8,0x85,0x86,0xE8,0x88,0x94,0xE9,0x98,0x97,0x00,0x74,0x69,0x61,
    0x6F,0x00,0xE4,0xBD,0xBB,0xE6,0x8C,0x91,0xE6,0x9D,0xA1,0xE7,0x9C,0xBA,0xE7,0xA5,
    0xA7,0xE7,0xAA,0x95,0xE7,0xAC,0xA4,0xE7,0xB2,0x9C,0xE8,0x9C,0xA9,0xE8,0xB7,0xB3,
    0xE8,0xBF,0xA2,0xE9,0xAB,0xAB,0xE9,0xB2,0xA6,0xE9,0xBE,0x86,0x00,0x74,0x69,0x65,
    0x00,0xE5,0xB8,0x96,0xE8,0x90,0x9C,0xE8,0xB4,0xB4,0xE9,0x93,0x81,0xE9,0xA4,0xAE,
    0x00,0x74,0x69,0x6E,0x67,0x00,0xE4,0xBA,0xAD,0xE5,0x81,0x9C,0xE5,0x8E,0x85,0xE5,
    0x90,0xAC,0xE5,0xA9,0xB7,0xE5,0xBA,0xAD,0xE5,0xBB,0xB7,0xE6,0x8C,0xBA,0xE6,0xA2,
    0x83,0xE6,0xB1,0x80,0xE7,0x83,0x83,0xE7,0x94,0xBA,0xE8,0x89,0x87,0xE8,0x8E,0x9B,
    0xE8,0x91,0xB6,0xE8,0x9C,0x93,0xE9,0x9C,0x86,0x00,0x74,0x6F,0x6E,0x67,0x00,0xE4,
    0xBB,0x9D,0xE4,0xBD,0x9F,0xE5,0x83,0xAE,0xE5,0x90,0x8C,0xE5,0x97,0xB5,0xE5,0xBD,
    0xA4,0xE6,0x81,0xB8,0xE6,0x8D,0x85,0xE6,0xA1,0x90,0xE6,0xA1,0xB6,0xE6,0xBD,0xBC,
    0xE7,0x97,0x9B,0xE7,0x9E,0xB3,0xE7,0xA0,0xBC,0xE7,0xAB,0xA5,0xE7,0xAD,0x92,0xE7,
    0xBB,0x9F,0xE8,0x8C,0xBC,0xE9,0x80,0x9A,0xE9,0x85,0xAE,0xE9,0x93,0x9C,0x00,0x74,
    0x6F,0x75,0x00,0xE4,0xBA,0xA0,0xE5,0x81,0xB7,0xE5,0xA4,0xB4,0xE6,0x8A,0x95,0xE9,
    0x80,0x8F,0xE9,0x92,0xAD,0xE9,0xAA,0xB0,0x00,0x74,0x75,0x00,0xE5,0x85,0x94,0xE5,
    0x87,0xB8,0xE5,0x90,0x90,0xE5,0x9B,0xBE,0xE5,0x9C,0x9F,0xE5,0xA0,0x8D,0xE5,0xB1,
    0xA0,0xE5,0xBE,0x92,0xE6,0xB6,0x82,0xE7,0xA7,0x83,0xE7,0xAA,0x81,0xE8,0x8D,0xBC,
    0xE8,0x8F,0x9F,0xE9,0x80,0x94,0xE9,0x85,0xB4,0xE9,0x92,0x8D,0x00,0x74,0x75,0x61,
    0x6E,0x00,0xE5,0x9B,0xA2,0xE5,0xBD,0x96,0xE6,0x8A,0x9F,0xE6,0xB9,0x8D,0xE7,0x96,
    0x83,0x00,0x74,0x75,0x69,0x00,0xE6,0x8E,0xA8,0xE7,0x85,0xBA,0xE8,0x85,0xBF,0xE8,
    0x9C,0x95,0xE8,0xA4,0xAA,0xE9,0x80,0x80,0xE9,0xA2,0x93,0x00,0x74,0x75,0x6E,0x00,
    0xE5,0x90,0x9E,0xE5,0xB1,0xAF,0xE6,0x9A,0xBE,0xE6,0xB0,0xBD,0xE8,0x87,0x80,0xE8,
    0xB1,0x9A,0xE9,0xA5,0xA8,0x00,0x74,0x75,0x6F,0x00,0xE4,0xB9,0x87,0xE4,0xBD,0x97,
    0xE5,0x94,0xBE,0xE5,0x9D,0xA8,0xE5,0xA6,0xA5,0xE5,0xBA,0xB9,0xE6,0x89,0x98,0xE6,
    0x8B,0x93,0xE6,0x8B,0x96,0xE6,0x9F,0x9D,0xE6,0xA4,0xAD,0xE6,0xA9,0x90,0xE6,0xB2,
    0xB1,0xE6,0xB2,0xB2,0xE7,0xA0,0xA3,0xE7,0xAE,0xA8,0xE8,0x84,0xB1,0xE8,0xB7,0x8E,
    0xE9,0x85,0xA1,0xE9,0x99,0x80,0xE9,0xA9,0xAE,0xE9,0xA9,0xBC,0xE9,0xB8,0xB5,0xE9,
    0xBC,0x8D,0x00,0x77,0x61,0x00,0xE4,0xBD,0xA4,0xE5,0x93,0x87,0xE5,0xA8,0x83,0xE5,
    0xA8,0xB2,0xE6,0x8C,0x96,0xE6,0xB4,0xBC,0xE7,0x93,0xA6,0xE8,0x85,0xBD,0xE8,0x9B,
    0x99,0xE8,0xA2,0x9C,0x00,0x77,0x61,0x69,0x00,0xE5,0xA4,0x96,0xE5,0xB4,0xB4,0xE6,
    0xAD,0xAA,0x00,0x77,0x61,0x6E,0x00,0xE4,0xB8,0x87,0xE4,0xB8,0xB8,0xE5,0x89,0x9C,
    0xE5,0xA9,0x89,0xE5,0xAE,0x8C,0xE5,0xAE,0x9B,0xE5,0xBC,0xAF,0xE6,0x83,0x8B,0xE6,
    0x8C,0xBD,0xE6,0x99,0x9A,0xE6,0xB9,0xBE,0xE7,0x83,0xB7,0xE7,0x8E,0xA9,0xE7,0x90,
    0xAC,0xE7,0x95,0xB9,0xE7,0x9A,0x96,0xE7,0xA2,0x97,0xE7,0xBA,0xA8,0xE7,0xBB,0xBE,
    0xE8,0x84,0x98,0xE8,0x85,0x95,0xE8,0x8A,0x84,0xE8,0x8F,0x80,0xE8,0x9C,0xBF,0xE8,
    0xB1,0x8C,0xE9,0xA1,0xBD,0x00,0x77,0x61,0x6E,0x67,0x00,0xE4,0xBA,0xA1,0xE5,0xA6,
    0x84,0xE5,0xBE,0x80,0xE5,0xBF,0x98,0xE6,0x83,0x98,0xE6,0x97,0xBA,0xE6,0x9C,0x9B,
    0xE6,0x9E,0x89,0xE6,0xB1,0xAA,0xE7,0x8E,0x8B,0xE7,0xBD,0x91,0xE7,0xBD,0x94,0xE8,
    0xBE,0x8B,0xE9,0xAD,0x8D,0x00,0x77,0x65,0x69,0x00,0xE4,0xB8,0xBA,0xE4,0xBC,0x9F,
    0xE4,0xBC,0xAA,0xE4,0xBD,0x8D,0xE5,0x81,0x8E,0xE5,0x8D,0xAB,0xE5,0x8D,0xB1,0xE5,
    0x91,0xB3,0xE5,0x94,0xAF,0xE5,0x96,0x82,0xE5,0x9B,0x97,0xE5,0x9B,0xB4,0xE5,0x9C,
    0xA9,0xE5,0xA7,0x94,0xE5,0xA8,0x81,0xE5,0xA8,0x93,0xE5,0xB0,0x89,0xE5,0xB0,0xBE,
    0xE5,0xB5,0xAC,0xE5,0xB7,0x8D,0xE5,0xB8,0x8F,0xE5,0xB8,0xB7,0xE5,0xBE,0xAE,0xE6,
    0x83,0x9F,0xE6,0x85,0xB0,0xE6,0x9C,0xAA,0xE6,0xA1,0x85,0xE6,0xB2,0xA9,0xE6,0xB4,
    0xA7,0xE6,0xB6,0xA0,0xE6,0xB8,0xAD,0xE6,0xBD,0x8D,0xE7,0x82,0x9C,0xE7,0x85,0xA8,
    0xE7,0x8C,0xA5,0xE7,0x8C,0xAC,0xE7,0x8E,0xAE,0xE7,0x95,0x8F,0xE7,0x97,0xBF,0xE7,
    0xBA,0xAC,0xE7,0xBB,0xB4,0xE8,0x83,0x83,0xE8,0x89,0x89,0xE8,0x8B,0x87,0xE8,0x90,
    0x8E,0xE8,0x91,0xB3,0xE8,0x94,0x9A,0xE8,0x96,0x87,0xE8,0xAF,0xBF,0xE8,0xB0,0x93,
    0xE8,0xBB,0x8E,0xE8,0xBF,0x9D,0xE9,0x80,0xB6,0xE9,0x97,0xB1,0xE9,0x9A,0x88,0xE9,
    0x9F,0xA6,0xE9,0x9F,0xAA,0xE9,0xAD,0x8F,0xE9,0xB2,0x94,0x00,0x77,0x65,0x6E,0x00,
    0xE5,0x88,0x8E,0xE5,0x90,0xBB,0xE6,0x96,0x87,0xE6,0xB1,0xB6,0xE6,0xB8,0xA9,0xE7,
    0x8E,0x9F,0xE7,0x92,0xBA,0xE7,0x98,0x9F,0xE7,0xA8,0xB3,0xE7,0xB4,0x8A,0xE7,0xBA,
    0xB9,0xE8,0x9A,0x8A,0xE9,0x97,0xAE,0xE9,0x97,0xBB,0xE9,0x98,0x8C,0xE9,0x9B,0xAF,
    0x00,0x77,0x65,0x6E,0x67,0x00,0xE5,0x97,0xA1,0xE7,0x93,0xAE,0xE7,0xBF,0x81,0xE8,
    0x93,0x8A,0xE8,0x95,0xB9,0x00,0x77,0x6F,0x00,0xE5,0x80,0xAD,0xE5,0x8D,0xA7,0xE5,
    0xB9,0x84,0xE6,0x88,0x91,0xE6,0x8C,0x9D,0xE6,0x8F,0xA1,0xE6,0x96,0xA1,0xE6,0xB2,
    0x83,0xE6,0xB6,0xA1,0xE6,0xB8,0xA5,0xE7,0xA1,0xAA,0xE7,0xAA,0x9D,0xE8,0x82,0x9F,
    0xE8,0x8E,0xB4,0xE8,0x9C,0x97,0xE9,0xBE,0x8C,0x00,0x77,0x75,0x00,0xE4,0xB9,0x8C,
    0xE4,0xBA,0x94,0xE4,0xBB,0xB5,0xE4,0xBC,0x8D,0xE4,0xBE,0xAE,0xE5,0x85,0x80,0xE5,
    0x8A,0xA1,0xE5,0x8B,0xBF,0xE5,0x8D,0x88,0xE5,0x90,0xB4,0xE5,0x90,0xBE,0xE5,0x91,
    0x92,0xE5,0x91,0x9C,0xE5,0x94,0x94,0xE5,0x9C,0xAC,0xE5,0x9D,0x9E,0xE5,0xA6,0xA9,
    0xE5,0xA9,0xBA,0xE5,0xAF,0xA4,0xE5,0xB1,0x8B,0xE5,0xB7,0xAB,0xE5,0xBA,0x91,0xE5,
    0xBF,0xA4,0xE6,0x80,0x83,0xE6,0x82,0x9F,0xE6,0x88,0x8A,0xE6,0x8D,0x82,0xE6,0x97,
    0xA0,0xE6,0x99,0xA4,0xE6,0x9D,0x8C,0xE6,0xA2,0xA7,0xE6,0xAD,0xA6,0xE6,0xAF,0x8B,
    0xE6,0xB1,0xA1,0xE6,0xB5,0xAF,0xE7,0x84,0x90,0xE7,0x89,0xA9,0xE7,0x89,0xBE,0xE7,
    0x97,0xA6,0xE8,0x88,0x9E,0xE8,0x8A,0x9C,0xE8,0x8A,0xB4,0xE8,0x9C,0x88,0xE8,0xAF,
    0xAC,0xE8,0xAF,0xAF,0xE8,0xBF,0x95,0xE9,0x82,0xAC,0xE9,0x8B,0x88,0xE9,0x92,0xA8,
    0xE9,0x98,0xA2,0xE9,0x9B,0xBE,0xE9,0xAA,0x9B,0xE9,0xB9,0x89,0xE9,0xB9,0x9C,0xE9,
    0xBC,0xAF,0x00,0x78,0x69,0x00,0xE4,0xB9,0xA0,0xE5,0x83,0x96,0xE5,0x85,0xAE,0xE5,
    0x90,0xB8,0xE5,0x94,0x8F,0xE5,0x96,0x9C,0xE5,0x98,0xBB,0xE5,0xA4,0x95,0xE5,0xA5,
    0x9A,0xE5,0xAA,0xB3,0xE5,0xAC,0x89,0xE5,0xB1,0xA3,0xE5,0xB8,0x8C,0xE5,0xB8,0xAD,
    0xE5,0xBE,0x99,0xE6,0x81,0xAF,0xE6,0x82,0x89,0xE6,0x83,0x9C,0xE6,0x88,0x8F,0xE6,
    0x98,0x94,0xE6,0x99,0xB0,0xE6,0x9B,0xA6,0xE6,0x9E,0x90,0xE6,0xA8,0xA8,0xE6,0xAA,
    0x84,0xE6,0xAC,0xB7,0xE6,0xB1,0x90,0xE6,0xB4,0x97,0xE6,0xB5,0xA0,0xE6,0xB7,0x85,
    0xE6,0xBA,0xAA,0xE7,0x83,0xAF,0xE7,0x86,0x84,0xE7,0x86,0x99,0xE7,0x86,0xB9,0xE7,
    0x89,0xBA,0xE7,0x8A,0x80,0xE7,0x8E,0xBA,0xE7,0x9A,0x99,0xE7,0x9F,0xBD,0xE7,0xA1,
    0x92,0xE7,0xA6,0x8A,0xE7,0xA6,0xA7,0xE7,0xA8,0x80,0xE7,0xA9,0xB8,0xE7,0xB2,0x9E,
    0xE7,0xB3,0xBB,0xE7,0xBB,0x86,0xE7,0xBE,0xB2,0xE7,0xBF,0x95,0xE8,0x86,0x9D,0xE8,
    0x88,0x84,0xE8,0x88,0xBE,0xE8,0x8F,0xA5,0xE8,0x91,0xB8,0xE8,0x93,0xB0,0xE8,0x9C,
    0xA5,0xE8,0x9E,0x85,0xE8,0x9F,0x8B,0xE8,0xA2,0xAD,0xE8,0xA5,0xBF,0xE8,0xA7,0x8B,
    0xE9,0x83,0x97,0xE9,0x86,0xAF,0xE9,0x93,0xA3,0xE9,0x94,0xA1,0xE9,0x98,0x8B,0xE9,
    0x9A,0x99,0xE9,0x9A,0xB0,0xE9,0xA5,0xA9,0xE9,0xBC,0xB7,0x00,0x78,0x69,0x61,0x00,
    0xE4,0xB8,0x8B,0xE4,0xBE,0xA0,0xE5,0x8C,0xA3,0xE5,0x90,0x93,0xE5,0xA4,0x8F,0xE5,
    0xB3,0xA1,0xE6,0x9A,0x87,0xE6,0x9F,0x99,0xE7,0x8B,0x8E,0xE7,0x8B,0xAD,0xE7,0x91,
    0x95,0xE7,0x9E,0x8E,0xE7,0xA1,0x96,0xE7,0xBD,0x85,0xE8,0x99,0xBE,0xE8,0xBE,0x96,
    0xE9,0x81,0x90,0xE9,0x9C,0x9E,0xE9,0xBB,0xA0,0x00,0x78,0x69,0x61,0x6E,0x00,0xE4,
    0xBB,0x99,0xE5,0x85,0x88,0xE5,0x86,0xBC,0xE5,0x8E,0xBF,0xE5,0x92,0xB8,0xE5,0xA8,
    0xB4,0xE5,0xAB,0x8C,0xE5,0xAE,0xAA,0xE5,0xB2,0x98,0xE5,0xBC,0xA6,0xE6,0x8E,0x80,
    0xE6,0x98,0xBE,0xE6,0x9A,0xB9,0xE6,0xB0,0x99,0xE6,0xB6,0x8E,0xE7,0x87,0xB9,0xE7,
    0x8C,0x83,0xE7,0x8C,0xAE,0xE7,0x8E,0xB0,0xE7,0x97,0xAB,0xE7,0xA5,0x86,0xE7,0xAD,
    0x85,0xE7,0xB1,0xBC,0xE7,0xBA,0xA4,0xE7,0xBA,0xBF,0xE7,0xBE,0xA1,0xE8,0x85,0xBA,
    0xE8,0x88,0xB7,0xE8,0x8B,0x8B,0xE8,0x8E,0xB6,0xE8,0x97,0x93,0xE8,0x9A,0xAC,0xE8,
    0xA1,0x94,0xE8,0xB4,0xA4,0xE8,0xB7,0xA3,0xE8,0xB7,0xB9,0xE9,0x85,0xB0,0xE9,0x94,
    0xA8,0xE9,0x97,0xB2,0xE9,0x99,0x90,0xE9,0x99,0xA9,0xE9,0x99,0xB7,0xE9,0x9C,0xB0,
    0xE9,0xA6,0x85,0xE9,0xB2,0x9C,0xE9,0xB9,0x87,0x00,0x78,0x69,0x61,0x6E,0x67,0x00,
    0xE4,0xB9,0xA1,0xE4,0xBA,0xAB,0xE5,0x83,0x8F,0xE5,0x8E,0xA2,0xE5,0x90,0x91,0xE5,
    0x93,0x8D,0xE5,0xB7,0xB7,0xE5,0xBA,0xA0,0xE6,0x83,0xB3,0xE6,0xA9,0xA1,0xE6,0xB9,
    0x98,0xE7,0x9B,0xB8,0xE7,0xA5,0xA5,0xE7,0xAE,0xB1,0xE7,0xBC,0x83,0xE7,0xBF,0x94,
    0xE8,0x8A,0x97,0xE8,0x91,0x99,0xE8,0x9F,0x93,0xE8,0xA5,0x84,0xE8,0xAF,0xA6,0xE8,
    0xB1,0xA1,0xE9,0x95,0xB6,0xE9,0xA1,0xB9,0xE9,0xA3,0xA8,0xE9,0xA5,0xB7,0xE9,0xA6,
    0x99,0xE9,0xAA,0xA7,0xE9,0xB2,0x9E,0x00,0x78,0x69,0x61,0x6F,0x00,0xE5,0x93,0x93,
    0xE5,0x93,0xAE,0xE5,0x95,0xB8,0xE5,0x9A,0xA3,0xE5,0xAD,0x9D,0xE5,0xAE,0xB5,0xE5,
    0xB0,0x8F,0xE5,0xB4,0xA4,0xE6,0x95,0x88,0xE6,0x99,0x93,0xE6,0x9E,0xAD,0xE6,0x9E,
    0xB5,0xE6,0xA0,0xA1,0xE6,0xB6,0x88,0xE6,0xB7,0x86,0xE6,0xBD,0x87,0xE7,0xA1,0x9D,
    0xE7,0xAC,0x91,0xE7,0xAD,0xB1,0xE7,0xAE,0xAB,0xE7,0xBB,0xA1,0xE8,0x82,0x96,0xE8,
    0x90,0xA7,0xE9,0x80,0x8D,0xE9,0x94,0x80,0xE9,0x9C,0x84,0xE9,0xAA,0x81,0xE9,0xAD,
    0x88,0x00,0x78,0x69,0x65,0x00,0xE4,0xBA,0x9B,0xE4,0xBA,0xB5,0xE5,0x81,0x95,0xE5,
    0x86,0x99,0xE5,0x8B,0xB0,0xE5,0x8D,0x8F,0xE5,0x8D,0xB8,0xE5,0xB1,0x91,0xE5,0xBB,
    0xA8,0xE6,0x87,0x88,0xE6,0x8C,0x9F,0xE6,0x90,0xBA,0xE6,0x92,0xB7,0xE6,0x96,0x9C,
    0xE6,0xA2,0xB0,0xE6,0xA5,0x94,0xE6,0xA6,0x8D,0xE6,0xA6,0xAD,0xE6,0xAD,0x87,0xE6,
    0xB3,0x84,0xE6,0xB3,0xBB,0xE6,0xB8,0xAB,0xE7,0x80,0xA3,0xE7,0x87,0xAE,0xE7,0x8D,
    0xAC,0xE7,0xBB,0x81,0xE7,0xBC,0xAC,0xE8,0x83,0x81,0xE8,0x96,0xA4,0xE8,0x9D,0x8E,
    0xE8,0x9F,0xB9,0xE8,0xB0,0x90,0xE8,0xB0,0xA2,0xE8,0xBA,0x9E,0xE9,0x82,0x82,0xE9,
    0x82,0xAA,0xE9,0x9E,0x8B,0x00,0x78,0x69,0x6E,0x00,0xE4,0xBF,0xA1,0xE5,0x9B,0x9F,
    0xE5,0xBF,0x83,0xE5,0xBF,0x84,0xE5,0xBF,0xBB,0xE6,0x96,0xB0,0xE6,0x98,0x95,0xE6,
    0xAC,0xA3,0xE6,0xAD,0x86,0xE8,0x8A,0xAF,0xE8,0x96,0xAA,0xE8,0xA1,0x85,0xE8,0xBE,
    0x9B,0xE9,0x91,0xAB,0xE9,0x94,0x8C,0xE9,0xA6,0xA8,0x00,0x78,0x69,0x6E,0x67,0x00,
    0xE5,0x85,0xB4,0xE5,0x88,0x91,0xE5,0x9E,0x8B,0xE5,0xA7,0x93,0xE5,0xB9,0xB8,0xE5,
    0xBD,0xA2,0xE6,0x80,0xA7,0xE6,0x82,0xBB,0xE6,0x83,0xBA,0xE6,0x93,0xA4,0xE6,0x98,
    0x9F,0xE6,0x9D,0x8F,0xE7,0x8C,0xA9,0xE7,0xA1,0x8E,0xE8,0x85,0xA5,0xE8,0x8D,0x87,
    0xE8,0x8D,0xA5,0xE8,0xA1,0x8C,0xE9,0x82,0xA2,0xE9,0x86,0x92,0xE9,0x99,0x89,0x00,
    0x78,0x69,0x6F,0x6E,0x67,0x00,0xE5,0x85,0x84,0xE5,0x87,0xB6,0xE5,0x8C,0x88,0xE6,
    0xB1,0xB9,0xE7,0x86,0x8A,0xE8,0x83,0xB8,0xE9,0x9B,0x84,0x00,0x78,0x69,0x75,0x00,
    0xE4,0xBC,0x91,0xE4,0xBF,0xAE,0xE5,0x92,0xBB,0xE5,0x97,0x85,0xE5,0xB2,0xAB,0xE5,
    0xBA,0xA5,0xE6,0x9C,0xBD,0xE6,0xBA,0xB4,0xE7,0xA7,0x80,0xE7,0xBB,0xA3,0xE7,0xBE,
    0x9E,0xE8,0xA2,0x96,0xE8,0xB2,0x85,0xE9,0x94,0x88,0xE9,0xA6,0x90,0xE9,0xAB,0xB9,
    0xE9,0xB8,0xBA,0x00,0x78,0x75,0x00,0xE5,0x8B,0x96,0xE5,0x8F,0x99,0xE5,0x90,0x81,
    0xE5,0x98,0x98,0xE5,0xA2,0x9F,0xE5,0xA9,0xBF,0xE5,0xBA,0x8F,0xE5,0xBE,0x90,0xE6,
    0x81,0xA4,0xE6,0x88,0x8C,0xE6,0x97,0xAD,0xE6,0xA0,0xA9,0xE6,0xB4,0xAB,0xE6,0xBA,
    0x86,0xE7,0x85,0xA6,0xE7,0x9B,0xB1,0xE7,0xB3,0x88,0xE7,0xB5,0xAE,0xE7,0xBB,0xAA,
    0xE7,0xBB,0xAD,0xE8,0x83,0xA5,0xE8,0x93,0x84,0xE8,0x93,0xBF,0xE8,0x99,0x9A,0xE8,
    0xAE,0xB8,0xE8,0xAF,0xA9,0xE9,0x85,0x97,0xE9,0x86,0x91,0xE9,0x9C,0x80,0xE9,0xA1,
    0xBB,0xE9,0xA1,0xBC,0x00,0x78,0x75,0x61,0x6E,0x00,0xE5,0x84,0x87,0xE5,0x96,0xA7,
    0xE5,0xAE,0xA3,0xE6,0x82,0xAC,0xE6,0x8F,0x8E,0xE6,0x97,0x8B,0xE6,0x9A,0x84,0xE6,
    0xA5,0xA6,0xE6,0xB3,0xAB,0xE6,0xB8,0xB2,0xE6,0xBC,0xA9,0xE7,0x82,0xAB,0xE7,0x85,
    0x8A,0xE7,0x8E,0x84,0xE7,0x92,0x87,0xE7,0x97,0x83,0xE7,0x99,0xA3,0xE7,0x9C,0xA9,
    0xE7,0xA2,0xB9,0xE7,0xBB,0x9A,0xE8,0x90,0xB1,0xE8,0xB0,0x96,0xE8,0xBD,0xA9,0xE9,
    0x80,0x89,0xE9,0x93,0x89,0xE9,0x95,0x9F,0x00,0x78,0x75,0x65,0x00,0xE5,0x89,0x8A,
    0xE5,0xAD,0xA6,0xE6,0xB3,0xB6,0xE7,0xA9,0xB4,0xE8,0x96,0x9B,0xE8,0xA1,0x80,0xE8,
    0xB0,0x91,0xE8,0xB8,0x85,0xE9,0x9B,0xAA,0xE9,0x9D,0xB4,0xE9,0xB3,0x95,0x00,0x78,
    0x75,0x6E,0x00,0xE5,0x8B,0x8B,0xE5,0x9F,0x99,0xE5,0xAF,0xBB,0xE5,0xB3,0x8B,0xE5,
    0xB7,0xA1,0xE5,0xB7,0xBD,0xE5,0xBE,0x87,0xE5,0xBE,0xAA,0xE6,0x81,0x82,0xE6,0x97,
    0xAC,0xE6,0x9B,0x9B,0xE6,0xAE,0x89,0xE6,0xB1,0x9B,0xE6,0xB4,0xB5,0xE6,0xB5,0x94,
    0xE7,0x86,0x8F,0xE7,0x8D,0xAF,0xE7,0xAA,0xA8,0xE8,0x8D,0x80,0xE8,0x8D,0xA8,0xE8,
    0x95,0x88,0xE8,0x96,0xB0,0xE8,0xAE,0xAD,0xE8,0xAE,0xAF,0xE8,0xAF,0xA2,0xE8,0xBF,
    0x85,0xE9,0x80,0x8A,0xE9,0x86,0xBA,0xE9,0xA9,0xAF,0xE9,0xB2,0x9F,0x00,0x79,0x61,
    0x00,0xE4,0xB8,0xAB,0xE4,0xBA,0x9A,0xE4,0xBC,0xA2,0xE5,0x8E,0x8B,0xE5,0x90,0x96,
    0xE5,0x91,0x80,0xE5,0x93,0x91,0xE5,0x9E,0xAD,0xE5,0xA8,0x85,0xE5,0xB2,0x88,0xE5,
    0xB4,0x96,0xE6,0x8A,0xBC,0xE6,0x8F,0xA0,0xE6,0xA1,0xA0,0xE6,0xB0,0xA9,0xE6,0xB6,
    0xAF,0xE7,0x89,0x99,0xE7,0x90,0x8A,0xE7,0x97,0x96,0xE7,0x9D,0x9A,0xE7,0xA0,0x91,
    0xE8,0x8A,0xBD,0xE8,0x9A,0x9C,0xE8,0xA1,0x99,0xE8,0xAE,0xB6,0xE8,0xBD,0xA7,0xE8,
    0xBF,0x93,0xE9,0x9B,0x85,0xE9,0xB8,0xA6,0xE9,0xB8,0xAD,0x00,0x79,0x61,0x6E,0x00,
    0xE4,0xB8,0xA5,0xE4,0xBF,0xA8,0xE5,0x81,0x83,0xE5,0x85,0x96,0xE5,0x8E,0x8C,0xE5,
    0x8E,0xA3,0xE5,0x92,0xBD,0xE5,0x94,0x81,0xE5,0xA0,0xB0,0xE5,0xA5,0x84,0xE5,0xA6,
    0x8D,0xE5,0xAB,0xA3,0xE5,0xAE,0xB4,0xE5,0xB2,0xA9,0xE5,0xB4,0xA6,0xE5,0xBB,0xB6,
    0xE5,0xBD,0xA6,0xE6,0x81,0xB9,0xE6,0x8E,0xA9,0xE6,0x99,0x8F,0xE6,0xAA,0x90,0xE6,
    0xB2,0xBF,0xE6,0xB7,0xB9,0xE6,0xB9,0xAE,0xE6,0xBB,0x9F,0xE6,0xBC,0x94,0xE7,0x82,
    0x8E,0xE7,0x83,0x9F,0xE7,0x84,0x89,0xE7,0x84,0xB0,0xE7,0x84,0xB1,0xE7,0x87,0x95,
    0xE7,0x90,0xB0,0xE7,0x9B,0x90,0xE7,0x9C,0xBC,0xE7,0xA0,0x94,0xE7,0xA0,0x9A,0xE7,
    0xAD,0xB5,0xE7,0xBD,0xA8,0xE8,0x83,0xAD,0xE8,0x85,0x8C,0xE8,0x89,0xB3,0xE8,0x8A,
    0xAB,0xE8,0x8F,0xB8,0xE8,0x9C,0x92,0xE8,0xA1,0x8D,0xE8,0xA8,0x80,0xE8,0xAE,0xA0,
    0xE8,0xB0,0x9A,0xE8,0xB0,0xB3,0xE8,0xB5,0x9D,0xE9,0x83,0xBE,0xE9,0x84,0xA2,0xE9,
    0x85,0xBD,0xE9,0x97,0xAB,0xE9,0x98,0x89,0xE9,0x98,0x8E,0xE9,0x9B,0x81,0xE9,0xA2,
    0x9C,0xE9,0xA4,0x8D,0xE9,0xAA,0x8C,0xE9,0xAD,0x87,0xE9,0xBC,0xB9,0x00,0x79,0x61,
    0x6E,0x67,0x00,0xE4,0xBB,0xB0,0xE4,0xBD,0xAF,0xE5,0x85,0xBB,0xE5,0xA4,0xAE,0xE5,
    0xBE,0x89,0xE6,0x80,0x8F,0xE6,0x81,0x99,0xE6,0x89,0xAC,0xE6,0x9D,0xA8,0xE6,0xA0,
    0xB7,0xE6,0xAE,0x83,0xE6,0xB0,0xA7,0xE6,0xB3,0xB1,0xE6,0xB4,0x8B,0xE6,0xBC,0xBE,
    0xE7,0x82,0x80,0xE7,0x83,0x8A,0xE7,0x96,0xA1,0xE7,0x97,0x92,0xE7,0xA7,0xA7,0xE7,
    0xBE,0x8A,0xE8,0x9B,0x98,0xE9,0x98,0xB3,0xE9,0x9E,0x85,0xE9,0xB8,0xAF,0x00,0x79,
    0x61,0x6F,0x00,0xE5,0x90,0x86,0xE5,0x92,0xAC,0xE5,0xA4,0xAD,0xE5,0xA6,0x96,0xE5,
    0xA7,0x9A,0xE5,0xB0,0xA7,0xE5,0xB4,0xBE,0xE5,0xB9,0xBA,0xE5,0xBE,0xAD,0xE6,0x91,
    0x87,0xE6,0x9B,0x9C,0xE6,0x9D,0xB3,0xE7,0x88,0xBB,0xE7,0x8F,0xA7,0xE7,0x91,0xB6,
    0xE7,0xAA,0x88,0xE7,0xAA,0x91,0xE7,0xB9,0x87,0xE8,0x80,0x80,0xE8,0x82,0xB4,0xE8,
    0x85,0xB0,0xE8,0x88,0x80,0xE8,0x8D,0xAF,0xE8,0xA6,0x81,0xE8,0xB0,0xA3,0xE8,0xBD,
    0xBA,0xE9,0x81,0xA5,0xE9,0x82,0x80,0xE9,0x92,0xA5,0xE9,0xB3,0x90,0xE9,0xB9,0x9E,
    0x00,0x79,0x65,0x00,0xE4,0xB8,0x9A,0xE4,0xB9,0x9F,0xE5,0x86,0xB6,0xE5,0x8F,0xB6,
    0xE5,0x99,0x8E,0xE5,0xA4,0x9C,0xE6,0x8E,0x96,0xE6,0x8F,0xB6,0xE6,0x99,0x94,0xE6,
    0x9B,0xB3,0xE6,0xA4,0xB0,0xE6,0xB6,0xB2,0xE7,0x83,0xA8,0xE7,0x88,0xB7,0xE8,0x80,
    0xB6,0xE8,0x85,0x8B,0xE8,0xB0,0x92,0xE9,0x82,0xBA,0xE9,0x87,0x8E,0xE9,0x93,0x98,
    0xE9,0x9D,0xA5,0xE9,0xA1,0xB5,0x00,0x79,0x69,0x00,0xE4,0xB8,0x80,0xE4,0xB9,0x89,
    0xE4,0xB9,0x99,0xE4,0xBA,0xA6,0xE4,0xBA,0xBF,0xE4,0xBB,0xA5,0xE4,0xBB,0xAA,0xE4,
    0xBC,0x8A,0xE4,0xBD,0x9A,0xE4,0xBD,0xBE,0xE4,0xBE,0x9D,0xE5,0x80,0x9A,0xE5,0x88,
    0x88,0xE5,0x8A,0x93,0xE5,0x8C,0xBB,0xE5,0x91,0x93,0xE5,0x92,0xA6,0xE5,0x92,0xBF,
    0xE5,0x99,0xAB,0xE5,0x9C,0xAF,0xE5,0x9F,0xB8,0xE5,0xA3,0xB9,0xE5,0xA4,0xB7,0xE5,
    0xA5,0x95,0xE5,0xA7,0xA8,0xE5,0xAE,0x9C,0xE5,0xB1,0xB9,0xE5,0xB3,0x84,0xE5,0xB6,
    0xB7,0xE5,0xB7,0xB2,0xE5,0xBC,0x82,0xE5,0xBC,0x88,0xE5,0xBC,0x8B,0xE5,0xBD,0x9D,
    0xE5,0xBD,0xB9,0xE5,0xBF,0x86,0xE6,0x80,0xA1,0xE6,0x80,0xBF,0xE6,0x82,0x92,0xE6,
    0x84,0x8F,0xE6,0x87,0xBF,0xE6,0x8A,0x91,0xE6,0x8C,0xB9,0xE6,0x8F,0x96,0xE6,0x97,
    0x96,0xE6,0x98,0x93,0xE6,0xA4,0x85,0xE6,0xAC,0xB9,0xE6,0xAE,0xAA,0xE6,0xAF,0x85,
    0xE6,0xB2,0x82,0xE6,0xBA,0xA2,0xE6,0xBC,0xAA,0xE7,0x86,0xA0,0xE7,0x8C,0x97,0xE7,
    0x96,0x91,0xE7,0x96,0xAB,0xE7,0x97,0x8D,0xE7,0x98,0x97,0xE7,0x99,0x94,0xE7,0x9B,
    0x8A,0xE7,0x9C,0x99,0xE7,0x9F,0xA3,0xE7,0xA7,0xBB,0xE7,0xBB,0x8E,0xE7,0xBC,0xA2,
    0xE7,0xBE,0xBF,0xE7,0xBF,0x8A,0xE7,0xBF,0x8C,0xE7,0xBF,0xB3,0xE7,0xBF,0xBC,0xE8,
    0x82,0x84,0xE8,0x83,0xB0,0xE8,0x87,0x86,0xE8,0x88,0xA3,0xE8,0x89,0xBA,0xE8,0x8B,
    0xA1,0xE8,0x96,0x8F,0xE8,0x9A,0x81,0xE8,0x9C,0xB4,0xE8,0xA1,0xA3,0xE8,0xA1,0xA4,
    0xE8,0xA3,0x94,0xE8,0xAE,0xAE,0xE8,0xAF,0x91,0xE8,0xAF,0x92,0xE8,0xAF,0xA3,0xE8,
    0xB0,0x8A,0xE8,0xB4,0xBB,0xE8,0xBD,0xB6,0xE8,0xBF,0xA4,0xE9,0x80,0xB8,0xE9,0x81,
    0x97,0xE9,0x82,0x91,0xE9,0x85,0x8F,0xE9,0x92,0x87,0xE9,0x93,0xB1,0xE9,0x95,0x92,
    0xE9,0x95,0xB1,0xE9,0xA2,0x90,0xE9,0xA5,0xB4,0xE9,0xA9,0xBF,0xE9,0xBB,0x9F,0x00,
    0x79,0x69,0x6E,0x00,0xE5,0x8D,0xB0,0xE5,0x90,0x9F,0xE5,0x90,0xB2,0xE5,0x96,0x91,
    0xE5,0x9B,0xA0,0xE5,0x9E,0xA0,0xE5,0xA0,0x99,0xE5,0xA4,0xA4,0xE5,0xA7,0xBB,0xE5,
    0xAF,0x85,0xE5,0xB0,0xB9,0xE5,0xBB,0xB4,0xE5,0xBC,0x95,0xE6,0xAE,0xB7,0xE6,0xB0,
    0xA4,0xE6,0xB4,0x87,0xE6,0xB7,0xAB,0xE7,0x8B,0xBA,0xE7,0x98,0xBE,0xE8,0x83,0xA4,
    0xE8,0x8C,0x9A,0xE8,0x8C,0xB5,0xE8,0x8D,0xAB,0xE8,0x9A,0x93,0xE9,0x84,0x9E,0xE9,
    0x93,0x9F,0xE9,0x93,0xB6,0xE9,0x98,0xB4,0xE9,0x9A,0x90,0xE9,0x9C,0xAA,0xE9,0x9F,
    0xB3,0xE9,0xA5,0xAE,0x00,0x79,0x69,0x6E,0x67,0x00,0xE5,0x98,0xA4,0xE5,0xA9,0xB4,
    0xE5,0xAA,0xB5,0xE5,0xAC,0xB4,0xE5,0xBA,0x94,0xE5,0xBD,0xB1,0xE6,0x92,0x84,0xE6,
    0x98,0xA0,0xE6,0xA5,0xB9,0xE6,0xA8,0xB1,0xE6,0xBB,0xA2,0xE6,0xBD,0x86,0xE7,0x80,
    0x9B,0xE7,0x91,0x9B,0xE7,0x92,0x8E,0xE7,0x98,0xBF,0xE7,0x9B,0x88,0xE7,0xA1,0xAC,
    0xE7,0xBC,0xA8,0xE7,0xBD,0x82,0xE8,0x86,0xBA,0xE8,0x8B,0xB1,0xE8,0x8C,0x94,0xE8,
    0x8D,0xA7,0xE8,0x8E,0xB9,0xE8,0x8E,0xBA,0xE8,0x90,0xA4,0xE8,0x90,0xA5,0xE8,0x90,
    0xA6,0xE8,0x93,0xA5,0xE8,0x9D,0x87,0xE8,0xB5,0xA2,0xE8,0xBF,0x8E,0xE9,0x83,0xA2,
    0xE9,0xA2,0x8D,0xE9,0xA2,0x96,0xE9,0xB9,0xA6,0xE9,0xB9,0xB0,0x00,0x79,0x6F,0x00,
    0xE5,0x93,0x9F,0xE5,0x94,0xB7,0x00,0x79,0x6F,0x6E,0x67,0x00,0xE4,0xBD,0xA3,0xE4,
    0xBF,0x91,0xE5,0x8B,0x87,0xE5,0x92,0x8F,0xE5,0x96,0x81,0xE5,0xA2,0x89,0xE5,0xA3,
    0x85,0xE5,0xBA,0xB8,0xE6,0x81,0xBF,0xE6,0x85,0xB5,0xE6,0x8B,0xA5,0xE6,0xB0,0xB8,
    0xE6,0xB3,0xB3,0xE6,0xB6,0x8C,0xE7,0x94,0xA8,0xE7,0x94,0xAC,0xE7,0x97,0x88,0xE8,
    0x87,0x83,0xE8,0x9B,0xB9,0xE8,0xB8,0x8A,0xE9,0x82,0x95,0xE9,0x95,0x9B,0xE9,0x9B,
    0x8D,0xE9,0xA5,0x94,0xE9,0xB3,0x99,0x00,0x79,0x6F,0x75,0x00,0xE4,0xBC,0x98,0xE4,
    0xBD,0x91,0xE4,0xBE,0x91,0xE5,0x8D,0xA3,0xE5,0x8F,0x88,0xE5,0x8F,0x8B,0xE5,0x8F,
    0xB3,0xE5,0x91,0xA6,0xE5,0x9B,0xBF,0xE5,0xAE,0xA5,0xE5,0xB0,0xA2,0xE5,0xB0,0xA4,
    0xE5,0xB9,0xBC,0xE5,0xB9,0xBD,0xE5,0xBF,0xA7,0xE6,0x82,0xA0,0xE6,0x94,0xB8,0xE6,
    0x9C,0x89,0xE6,0x9F,0x9A,0xE6,0xB2,0xB9,0xE6,0xB8,0xB8,0xE7,0x89,0x96,0xE7,0x8A,
    0xB9,0xE7,0x8C,0xB7,0xE7,0x94,0xB1,0xE7,0x96,0xA3,0xE8,0x8E,0x9C,0xE8,0x8E,0xA0,
    0xE8,0x8E,0xB8,0xE8,0x9A,0xB0,0xE8,0x9A,0xB4,0xE8,0x9D,0xA3,0xE8,0xAF,0xB1,0xE9,
    0x82,0xAE,0xE9,0x85,0x89,0xE9,0x87,0x89,0xE9,0x93,0x80,0xE9,0x93,0x95,0xE9,0xB1,
    0xBF,0xE9,0xBB,0x9D,0xE9,0xBC,0xAC,0x00,0x79,0x75,0x00,0xE4,0xB8,0x8E,0xE4,0xBA,
    0x88,0xE4,0xBA,0x8E,0xE4,0xBC,0x9B,0xE4,0xBD,0x99,0xE4,0xBF,0x9E,0xE4,0xBF,0xA3,
    0xE5,0x96,0xBB,0xE5,0x9C,0x84,0xE5,0x9C,0x89,0xE5,0x9F,0x9F,0xE5,0xA6,0xA4,0xE5,
    0xA6,0xAA,0xE5,0xA8,0xB1,0xE5,0xAE,0x87,0xE5,0xAF,0x93,0xE5,0xB1,0xBF,0xE5,0xB3,
    0xAA,0xE5,0xB5,0x9B,0xE5,0xBA,0xBE,0xE5,0xBE,0xA1,0xE6,0x84,0x88,0xE6,0x84,0x89,
    0xE6,0x84,0x9A,0xE6,0x8F,0x84,0xE6,0x96,0xBC,0xE6,0x98,0xB1,0xE6,0xA6,0x86,0xE6,
    0xAC,0xA4,0xE6,0xAC,0xB2,0xE6,0xAF,0x93,0xE6,0xB5,0xB4,0xE6,0xB7,0xA4,0xE6,0xB8,
    0x94,0xE6,0xB8,0x9D,0xE7,0x85,0x9C,0xE7,0x87,0xA0,0xE7,0x8B,0xB1,0xE7,0x8B,0xB3,
    0xE7,0x8E,0x89,0xE7,0x91,0x9C,0xE7,0x98,0x80,0xE7,0x98,0x90,0xE7,0x9B,0x82,0xE7,
    0xA6,0xB9,0xE7,0xA6,0xBA,0xE7,0xAA,0xAC,0xE7,0xAA,0xB3,0xE7,0xAB,0xBD,0xE7,0xBA,
    0xA1,0xE7,0xBE,0xBD,0xE8,0x81,0xBF,0xE8,0x82,0x80,0xE8,0x82,0xB2,0xE8,0x85,0xB4,
    0xE8,0x87,0xBE,0xE8,0x88,0x81,0xE8,0x88,0x86,0xE8,0x8A,0x8B,0xE8,0x90,0xB8,0xE8,
    0x93,0xA3,0xE8,0x99,0x9E,0xE8,0x9C,0xAE,0xE8,0x9D,0x93,0xE8,0xA3,0x95,0xE8,0xA7,
    0x8E,0xE8,0xAA,0x89,0xE8,0xAF,0xAD,0xE8,0xB0,0x80,0xE8,0xB0,0x95,0xE8,0xB1,0xAB,
    0xE8,0xBF,0x82,0xE9,0x80,0xBE,0xE9,0x81,0x87,0xE9,0x83,0x81,0xE9,0x92,0xB0,0xE9,
    0x98,0x88,0xE9,0x9A,0x85,0xE9,0x9B,0xA8,0xE9,0x9B,0xA9,0xE9,0xA2,0x84,0xE9,0xA5,
    0xAB,0xE9,0xA6,0x80,0xE9,0xA9,0xAD,0xE9,0xAC,0xBB,0xE9,0xB1,0xBC,0xE9,0xB9,0x86,
    0xE9,0xB9,0xAC,0xE9,0xBE,0x89,0x00,0x79,0x75,0x61,0x6E,0x00,0xE5,0x85,0x83,0xE5,
    0x86,0xA4,0xE5,0x8E,0x9F,0xE5,0x91,0x98,0xE5,0x9B,0xAD,0xE5,0x9C,0x86,0xE5,0x9E,
    0xA3,0xE5,0x9E,0xB8,0xE5,0xA1,0xAC,0xE5,0xAA,0x9B,0xE6,0x80,0xA8,0xE6,0x84,0xBF,
    0xE6,0x8E,0xBE,0xE6,0x8F,0xB4,0xE6,0xA9,0xBC,0xE6,0xB2,0x85,0xE6,0xB8,0x8A,0xE6,
    0xBA,0x90,0xE7,0x88,0xB0,0xE7,0x8C,0xBF,0xE7,0x91,0x97,0xE7,0x9C,0xA2,0xE7,0xAE,
    0xA2,0xE7,0xBC,0x98,0xE8,0x8B,0x91,0xE8,0x9E,0x88,0xE8,0xA2,0x81,0xE8,0xBE,0x95,
    0xE8,0xBF,0x9C,0xE9,0x99,0xA2,0xE9,0xB8,0xA2,0xE9,0xB8,0xB3,0xE9,0xBC,0x8B,0x00,
    0x79,0x75,0x65,0x00,0xE5,0x88,0x96,0xE5,0xB2,0xB3,0xE6,0x82,0xA6,0xE6,0x9B,0xB0,
    0xE6,0x9C,0x88,0xE6,0xA8,0xBE,0xE7,0x80,0xB9,0xE7,0xB2,0xA4,0xE7,0xBA,0xA6,0xE8,
    0xB6,0x8A,0xE8,0xB7,0x83,0xE9,0x92,0xBA,0xE9,0x98,0x85,0xE9,0xBE,0xA0,0x00,0x79,
    0x75,0x6E,0x00,0xE4,0xBA,0x91,0xE5,0x85,0x81,0xE5,0x8C,0x80,0xE5,0xAD,0x95,0xE6,
    0x81,0xBD,0xE6,0x84,0xA0,0xE6,0x98,0x80,0xE6,0x99,0x95,0xE6,0xAE,0x92,0xE6,0xB0,
    0xB2,0xE7,0x86,0xA8,0xE7,0x8B,0x81,0xE7,0xAD,0xA0,0xE7,0xBA,0xAD,0xE8,0x80,0x98,
    0xE8,0x8A,0xB8,0xE8,0x95,0xB4,0xE8,0xBF,0x90,0xE9,0x83,0x93,0xE9,0x83,0xA7,0xE9,
    0x85,0x9D,0xE9,0x99,0xA8,0xE9,0x9F,0xAB,0xE9,0x9F,0xB5,0x00,0x7A,0x61,0x00,0xE5,
    0x8C,0x9D,0xE5,0x92,0x82,0xE5,0x92,0x8B,0xE6,0x8B,0xB6,0xE6,0x9D,0x82,0xE7,0xA0,
    0xB8,0x00,0x7A,0x61,0x69,0x00,0xE4,0xBB,0x94,0xE5,0x86,0x8D,0xE5,0x93,0x89,0xE5,
    0x9C,0xA8,0xE5,0xAE,0xB0,0xE5,0xB4,0xBD,0xE6,0xA0,0xBD,0xE7,0x81,0xBE,0xE7,0x94,
    0xBE,0xE8,0xBD,0xBD,0x00,0x7A,0x61,0x6E,0x00,0xE5,0x92,0xB1,0xE6,0x94,0x92,0xE6,
    0x98,0x9D,0xE6,0x9A,0x82,0xE7,0x93,0x92,0xE7,0xB0,0xAA,0xE7,0xB3,0x8C,0xE8,0xB5,
    0x9E,0xE8,0xB6,0xB1,0xE9,0x8C,0xBE,0x00,0x7A,0x61,0x6E,0x67,0x00,0xE5,0xA5,0x98,
    0xE8,0x84,0x8F,0xE8,0x87,0xA7,0xE8,0x91,0xAC,0xE8,0xB5,0x83,0xE9,0xA9,0xB5,0x00,
    0x7A,0x61,0x6F,0x00,0xE5,0x87,0xBF,0xE5,0x94,0xA3,0xE5,0x99,0xAA,0xE6,0x97,0xA9,
    0xE6,0x9E,0xA3,0xE6,0xBE,0xA1,0xE7,0x81,0xB6,0xE7,0x87,0xA5,0xE7,0x9A,0x82,0xE7,
    0xB3,0x9F,0xE8,0x97,0xBB,0xE8,0x9A,0xA4,0xE8,0xBA,0x81,0xE9,0x80,0xA0,0xE9,0x81,
    0xAD,0x00,0x7A,0x65,0x00,0xE4,0xBB,0x84,0xE5,0x88,0x99,0xE5,0x95,0xA7,0xE5,0xB8,
    0xBB,0xE6,0x8B,0xA9,0xE6,0x98,0x83,0xE6,0xB3,0xBD,0xE7,0xAC,0xAE,0xE7,0xAE,0xA6,
    0xE8,0x88,0xB4,0xE8,0xB4,0xA3,0xE8,0xB5,0x9C,0xE8,0xBF,0xAE,0x00,0x7A,0x65,0x69,
    0x00,0xE8,0xB4,0xBC,0x00,0x7A,0x65,0x6E,0x00,0xE6,0x80,0x8E,0xE8,0xB0,0xAE,0x00,
    0x7A,0x65,0x6E,0x67,0x00,0xE5,0xA2,0x9E,0xE6,0x86,0x8E,0xE7,0x94,0x91,0xE7,0xBC,
    0xAF,0xE7,0xBD,0xBE,0xE8,0xB5,0xA0,0xE9,0x94,0x83,0x00,0x7A,0x68,0x61,0x00,0xE4,
    0xB9,0x8D,0xE5,0x90,0x92,0xE5,0x92,0xA4,0xE5,0x93,0xB3,0xE5,0x96,0xB3,0xE6,0x89,
    0x8E,0xE6,0x8F,0xB8,0xE6,0x9C,0xAD,0xE6,0x9F,0x9E,0xE6,0xA0,0x85,0xE6,0xA5,0x82,
    0xE6,0xA6,0xA8,0xE6,0xB8,0xA3,0xE7,0x82,0xB8,0xE7,0x97,0x84,0xE7,0x9C,0xA8,0xE7,
    0xA0,0x9F,0xE8,0x9A,0xB1,0xE8,0xAF,0x88,0xE9,0x93,0xA1,0xE9,0x97,0xB8,0xE9,0xBD,
    0x84,0x00,0x7A,0x68,0x61,0x69,0x00,0xE5,0x80,0xBA,0xE5,0xAE,0x85,0xE5,0xAF,0xA8,
    0xE6,0x91,0x98,0xE6,0x96,0x8B,0xE7,0x98,0xB5,0xE7,0xA0,0xA6,0xE7,0xAA,0x84,0x00,
    0x7A,0x68,0x61,0x6E,0x00,0xE5,0x8D,0xA0,0xE5,0xB1,0x95,0xE5,0xB4,0xAD,0xE6,0x88,
    0x98,0xE6,0x90,0x8C,0xE6,0x96,0xA9,0xE6,0x97,0x83,0xE6,0xA0,0x88,0xE6,0xAF,0xA1,
    0xE6,0xB2,0xBE,0xE6,0xB9,0x9B,0xE7,0x9B,0x8F,0xE7,0x9E,0xBB,0xE7,0xAB,0x99,0xE7,
    0xB2,0x98,0xE7,0xBB,0xBD,0xE8,0x98,0xB8,0xE8,0xA9,0xB9,0xE8,0xB0,0xB5,0x00,0x7A,
    0x68,0x61,0x6E,0x67,0x00,0xE4,0xB8,0x88,0xE4,0xBB,0x89,0xE4,0xBB,0x97,0xE5,0xAB,
    0x9C,0xE5,0xB6,0x82,0xE5,0xB8,0x90,0xE5,0xB9,0x9B,0xE5,0xBC,0xA0,0xE5,0xBD,0xB0,
    0xE6,0x8E,0x8C,0xE6,0x9D,0x96,0xE6,0xA8,0x9F,0xE6,0xB6,0xA8,0xE6,0xBC,0xB3,0xE7,
    0x8D,0x90,0xE7,0x92,0x8B,0xE7,0x98,0xB4,0xE7,0xAB,0xA0,0xE8,0x83,0x80,0xE8,0x9F,
    0x91,0xE8,0xB4,0xA6,0xE9,0x84,0xA3,0xE9,0x95,0xBF,0xE9,0x9A,0x9C,0x00,0x7A,0x68,
    0x61,0x6F,0x00,0xE5,0x85,0x86,0xE5,0x8F,0xAC,0xE5,0x95,0x81,0xE6,0x89,0xBE,0xE6,
    0x8B,0x9B,0xE6,0x98,0xAD,0xE6,0xA3,0xB9,0xE6,0xB2,0xBC,0xE7,0x85,0xA7,0xE7,0x88,
    0xAA,0xE7,0xAC,0x8A,0xE7,0xBD,0xA9,0xE8,0x82,0x87,0xE8,0xAF,0x8F,0xE8,0xB5,0xB5,
    0xE9,0x92,0x8A,0x00,0x7A,0x68,0x65,0x00,0xE5,0x93,0xB2,0xE6,0x8A,0x98,0xE6,0x91,
    0xBA,0xE6,0x9F,0x98,0xE6,0xB5,0x99,0xE7,0x9D,0x80,0xE7,0xA3,0x94,0xE8,0x80,0x85,
    0xE8,0x94,0x97,0xE8,0x9B,0xB0,0xE8,0x9C,0x87,0xE8,0xA4,0xB6,0xE8,0xB0,0xAA,0xE8,
    0xB5,0xAD,0xE8,0xBE,0x84,0xE8,0xBE,0x99,0xE8,0xBF,0x99,0xE9,0x81,0xAE,0xE9,0x94,
    0x97,0xE9,0xB9,0xA7,0x00,0x7A,0x68,0x65,0x6E,0x00,0xE4,0xBE,0xA6,0xE5,0x9C,0xB3,
    0xE5,0xB8,0xA7,0xE6,0x8C,0xAF,0xE6,0x96,0x9F,0xE6,0x9C,0x95,0xE6,0x9E,0x95,0xE6,
    0xA1,0xA2,0xE6,0xA6,0x9B,0xE6,0xB5,0x88,0xE7,0x8F,0x8D,0xE7,0x94,0x84,0xE7,0x95,
    0x9B,0xE7,0x96,0xB9,0xE7,0x9C,0x9F,0xE7,0xA0,0xA7,0xE7,0xA5,0xAF,0xE7,0xA8,0xB9,
    0xE7,0xAE,0xB4,0xE7,0xBC,0x9C,0xE8,0x83,0x97,0xE8,0x87,0xBB,0xE8,0x93,0x81,0xE8,
    0xAF,0x8A,0xE8,0xB4,0x9E,0xE8,0xB5,0x88,0xE8,0xBD,0xB8,0xE9,0x92,0x88,0xE9,0x95,
    0x87,0xE9,0x98,0xB5,0xE9,0x9C,0x87,0xE9,0xB8,0xA9,0x00,0x7A,0x68,0x65,0x6E,0x67,
    0x00,0xE4,0xBA,0x89,0xE5,0xB3,0xA5,0xE5,0xBE,0x81,0xE5,0xBE,0xB5,0xE6,0x80,0x94,
    0xE6,0x8B,0xAF,0xE6,0x8C,0xA3,0xE6,0x94,0xBF,0xE6,0x95,0xB4,0xE6,0xAD,0xA3,0xE7,
    0x8B,0xB0,0xE7,0x97,0x87,0xE7,0x9D,0x81,0xE7,0xAD,0x9D,0xE8,0x92,0xB8,0xE8,0xAF,
    0x81,0xE8,0xAF,0xA4,0xE9,0x83,0x91,0xE9,0x92,0xB2,0xE9,0x93,0xAE,0x00,0x7A,0x68,
    0x69,0x00,0xE4,0xB9,0x8B,0xE4,0xBE,0x84,0xE5,0x80,0xBC,0xE5,0x88,0xB6,0xE5,0x8D,
    0xAE,0xE5,0x8F,0xAA,0xE5,0x90,0xB1,0xE5,0x92,0xAB,0xE5,0x9D,0x80,0xE5,0x9F,0xB4,
    0xE5,0xA4,0x82,0xE5,0xB3,0x99,0xE5,0xB8,0x99,0xE5,0xB8,0x9C,0xE5,0xBD,0x98,0xE5,
    0xBF,0x97,0xE5,0xBF,0xAE,0xE6,0x89,0xA7,0xE6,0x8C,0x87,0xE6,0x8C,0x9A,0xE6,0x8E,
    0xB7,0xE6,0x91,0xAD,0xE6,0x94,0xAF,0xE6,0x97,0xA8,0xE6,0x99,0xBA,0xE6,0x9E,0x9D,
    0xE6,0x9E,0xB3,0xE6,0xA0,0x80,0xE6,0xA0,0x89,0xE6,0xA1,0x8E,0xE6,0xA4,0x8D,0xE6,
    0xAD,0xA2,0xE6,0xAE,0x96,0xE6,0xB1,0x81,0xE6,0xB2,0xBB,0xE6,0xBB,0x9E,0xE7,0x82,
    0x99,0xE7,0x97,0x94,0xE7,0x97,0xA3,0xE7,0x9B,0xB4,0xE7,0x9F,0xA5,0xE7,0xA5,0x89,
    0xE7,0xA5,0x97,0xE7,0xA7,0xA9,0xE7,0xA8,0x9A,0xE7,0xAA,0x92,0xE7,0xB5,0xB7,0xE7,
    0xBA,0xB8,0xE7,0xBB,0x87,0xE7,0xBD,0xAE,0xE8,0x81,0x8C,0xE8,0x82,0xA2,0xE8,0x83,
    0x9D,0xE8,0x84,0x82,0xE8,0x86,0xA3,0xE8,0x87,0xB3,0xE8,0x87,0xB4,0xE8,0x8A,0x9D,
    0xE8,0x8A,0xB7,0xE8,0x9B,0xAD,0xE8,0x9C,0x98,0xE8,0xA7,0xAF,0xE8,0xB1,0xB8,0xE8,
    0xB4,0xA8,0xE8,0xB4,0xBD,0xE8,0xB6,0xBE,0xE8,0xB7,0x96,0xE8,0xB8,0xAC,0xE8,0xB8,
    0xAF,0xE8,0xBD,0xB5,0xE8,0xBD,0xBE,0xE9,0x83,0x85,0xE9,0x85,0xAF,0xE9,0x99,0x9F,
    0xE9,0x9B,0x89,0xE9,0xAA,0x98,0xE9,0xB8,0xB7,0xE9,0xBB,0xB9,0x00,0x7A,0x68,0x6F,
    0x6E,0x67,0x00,0xE4,0xB8,0xAD,0xE4,0xBB,0xB2,0xE4,0xBC,0x97,0xE5,0x86,0xA2,0xE5,
    0xBF,0xA0,0xE7,0x9B,0x85,0xE7,0xA7,0x8D,0xE7,0xBB,0x88,0xE8,0x82,0xBF,0xE8,0x88,
    0xAF,0xE8,0x9E,0xBD,0xE8,0xA1,0xB7,0xE8,0xB8,0xB5,0xE9,0x87,0x8D,0xE9,0x92,0x9F,
    0xE9,0x94,0xBA,0x00,0x7A,0x68,0x6F,0x75,0x00,0xE5,0x91,0xA8,0xE5,0x92,0x92,0xE5,
    0xA6,0xAF,0xE5,0xAE,0x99,0xE5,0xB7,0x9E,0xE5,0xB8,0x9A,0xE6,0x98,0xBC,0xE6,0xB4,
    0xB2,0xE7,0x9A,0xB1,0xE7,0xB1,0x80,0xE7,0xB2,0xA5,0xE7,0xBA,0xA3,0xE7,0xBB,0x89,
    0xE8,0x82,0x98,0xE8,0x83,0x84,0xE8,0x88,0x9F,0xE8,0x8D,0xAE,0xE8,0xAF,0x8C,0xE8,
    0xBD,0xB4,0xE9,0x85,0x8E,0xE9,0xAA,0xA4,0x00,0x7A,0x68,0x75,0x00,0xE4,0xB8,0xB6,
    0xE4,0xB8,0xBB,0xE4,0xBC,0xAB,0xE4,0xBD,0x8F,0xE4,0xBE,0x8F,0xE5,0x8A,0xA9,0xE5,
    0x98,0xB1,0xE6,0x8B,0x84,0xE6,0x9C,0xB1,0xE6,0x9D,0xBC,0xE6,0x9F,0xB1,0xE6,0xA0,
    0xAA,0xE6,0xA7,0xA0,0xE6,0xA9,0xA5,0xE6,0xB3,0xA8,0xE6,0xB4,0x99,0xE6,0xB8,0x9A,
    0xE6,0xBD,0xB4,0xE7,0x82,0xB7,0xE7,0x83,0x9B,0xE7,0x85,0xAE,0xE7,0x8C,0xAA,0xE7,
    0x8F,0xA0,0xE7,0x96,0xB0,0xE7,0x98,0x83,0xE7,0x9E,0xA9,0xE7,0xA5,0x9D,0xE7,0xAB,
    0xB9,0xE7,0xAB,0xBA,0xE7,0xAD,0x91,0xE7,0xAE,0xB8,0xE7,0xBF,0xA5,0xE8,0x88,0xB3,
    0xE8,0x8B,0x8E,0xE8,0x8C,0xB1,0xE8,0x91,0x97,0xE8,0x9B,0x80,0xE8,0x9B,0x9B,0xE8,
    0xAF,0x9B,0xE8,0xAF,0xB8,0xE8,0xB4,0xAE,0xE8,0xBA,0x85,0xE9,0x80,0x90,0xE9,0x82,
    0xBE,0xE9,0x93,0xA2,0xE9,0x93,0xB8,0xE9,0xA9,0xBB,0xE9,0xBA,0x88,0x00,0x7A,0x68,
    0x75,0x61,0x00,0xE6,0x8A,0x93,0x00,0x7A,0x68,0x75,0x61,0x69,0x00,0xE6,0x8B,0xBD,
    0x00,0x7A,0x68,0x75,0x61,0x6E,0x00,0xE4,0xB8,0x93,0xE5,0x95,0xAD,0xE6,0x92,0xB0,
    0xE7,0xA0,0x96,0xE7,0xAF,0x86,0xE8,0xB5,0x9A,0xE8,0xBD,0xAC,0xE9,0xA2,0x9B,0xE9,
    0xA6,0x94,0x00,0x7A,0x68,0x75,0x61,0x6E,0x67,0x00,0xE5,0xA3,0xAE,0xE5,0xA6,0x86,
    0xE5,0xBA,0x84,0xE6,0x92,0x9E,0xE6,0xA1,0xA9,0xE7,0x8A,0xB6,0xE8,0xA3,0x85,0x00,
    0x7A,0x68,0x75,0x69,0x00,0xE5,0x9D,0xA0,0xE6,0x83,0xB4,0xE7,0xBC,0x80,0xE7,0xBC,
    0x92,0xE8,0xB5,0x98,0xE8,0xBF,0xBD,0xE9,0x94,0xA5,0xE9,0x9A,0xB9,0xE9,0xAA,0x93,
    0x00,0x7A,0x68,0x75,0x6E,0x00,0xE5,0x87,0x86,0xE7,0xAA,0x80,0xE8,0x82,0xAB,0xE8,
    0xB0,0x86,0x00,0x7A,0x68,0x75,0x6F,0x00,0xE5,0x80,0xAC,0xE5,0x8D,0x93,0xE5,0x95,
    0x84,0xE6,0x8B,0x99,0xE6,0x8D,0x89,0xE6,0x93,0xA2,0xE6,0x96,0xAB,0xE6,0xA1,0x8C,
    0xE6,0xB5,0x8A,0xE6,0xB5,0x9E,0xE6,0xB6,0xBF,0xE6,0xBF,0xAF,0xE7,0x81,0xBC,0xE7,
    0xA6,0x9A,0xE8,0x8C,0x81,0xE8,0xAF,0xBC,0xE9,0x85,0x8C,0xE9,0x95,0xAF,0x00,0x7A,
    0x69,0x00,0xE5,0x85,0xB9,0xE5,0x92,0xA8,0xE5,0xA7,0x8A,0xE5,0xA7,0xBF,0xE5,0xAD,
    0x90,0xE5,0xAD,0x97,0xE5,0xAD,0x9C,0xE5,0xAD,0xB3,0xE5,0xB5,0xAB,0xE6,0x81,0xA3,
    0xE6,0xA2,0x93,0xE6,0xB7,0x84,0xE6,0xB8,0x8D,0xE6,0xBB,0x8B,0xE6,0xBB,0x93,0xE7,
    0x9C,0xA6,0xE7,0xA7,0xAD,0xE7,0xAC,0xAB,0xE7,0xB1,0xBD,0xE7,0xB2,0xA2,0xE7,0xB4,
    0xAB,0xE7,0xBC,0x81,0xE8,0x80,0x94,0xE8,0x87,0xAA,0xE8,0xA7,0x9C,0xE8,0xA8,0xBE,
    0xE8,0xB0,0x98,0xE8,0xB5,0x80,0xE8,0xB5,0x84,0xE8,0xB6,0x91,0xE8,0xBE,0x8E,0xE9,
    0x94,0xB1,0xE9,0xAB,0xAD,0xE9,0xB2,0xBB,0xE9,0xBE,0x87,0x00,0x7A,0x6F,0x6E,0x67,
    0x00,0xE5,0x81,0xAC,0xE5,0xAE,0x97,0xE6,0x80,0xBB,0xE6,0xA3,0x95,0xE7,0xB2,0xBD,
    0xE7,0xBA,0xB5,0xE7,0xBB,0xBC,0xE8,0x85,0x99,0xE8,0xB8,0xAA,0xE9,0xAC,0x83,0x00,
    0x7A,0x6F,0x75,0x00,0xE5,0xA5,0x8F,0xE6,0x8F,0x8D,0xE6,0xA5,0xB1,0xE8,0xAF,0xB9,
    0xE8,0xB5,0xB0,0xE9,0x82,0xB9,0xE9,0x84,0xB9,0xE9,0x99,0xAC,0xE9,0xA9,0xBA,0xE9,
    0xB2,0xB0,0x00,0x7A,0x75,0x00,0xE4,0xBF,0x8E,0xE5,0x8D,0x92,0xE6,0x97,0x8F,0xE7,
    0xA5,0x96,0xE7,0xA7,0x9F,0xE7,0xBB,0x84,0xE8,0xAF,0x85,0xE8,0xB6,0xB3,0xE9,0x95,
    0x9E,0xE9,0x98,0xBB,0x00,0x7A,0x75,0x61,0x6E,0x00,0xE6,0x94,0xA5,0xE7,0xBA,0x82,
    0xE7,0xBC,0xB5,0xE8,0xBA,0x9C,0xE9,0x92,0xBB,0x00,0x7A,0x75,0x69,0x00,0xE5,0x98,
    0xB4,0xE6,0x9C,0x80,0xE7,0xBD,0xAA,0xE8,0x95,0x9E,0xE9,0x86,0x89,0x00,0x7A,0x75,
    0x6E,0x00,0xE5,0xB0,0x8A,0xE6,0x92,0x99,0xE6,0xA8,0xBD,0xE9,0x81,0xB5,0xE9,0xB3,
    0x9F,0x00,0x7A,0x75,0x6F,0x00,0xE4,0xBD,0x90,0xE4,0xBD,0x9C,0xE5,0x81,0x9A,0xE5,
    0x94,0x91,0xE5,0x9D,0x90,0xE5,0xB7,0xA6,0xE5,0xBA,0xA7,0xE6,0x80,0x8D,0xE6,0x98,
    0xA8,0xE7,0x90,0xA2,0xE7,0xA5,0x9A,0xE8,0x83,0x99,0xE9,0x98,0xBC,0x00
};

#endif